municipio,dimension,componente,valor,origen,fuente
Rionegro,Biodiversidad,Amenaza,,NO DISPONIBLE,
Rionegro,Biodiversidad,Sensibilidad,,NO DISPONIBLE,
Rionegro,Biodiversidad,Capacidad adaptativa,0.22,OFICIAL,"Reto CORNARE (RETO_CLIMATE_WEEK_HACKATHON_1.pdf), sec. 2. Categoría: Muy baja."
Rionegro,Biodiversidad,Vulnerabilidad,0.75,OFICIAL,"Reto CORNARE (RETO_CLIMATE_WEEK_HACKATHON_1.pdf), sec. 2. Categoría: Muy alta."
Rionegro,Biodiversidad,Riesgo hoy,,NO DISPONIBLE,
Rionegro,Biodiversidad,Riesgo SSP3-7.0 2060,,NO DISPONIBLE,
Rionegro,Recurso hídrico,Amenaza,,NO DISPONIBLE,
Rionegro,Recurso hídrico,Sensibilidad,,NO DISPONIBLE,
Rionegro,Recurso hídrico,Capacidad adaptativa,,NO DISPONIBLE,
Rionegro,Recurso hídrico,Vulnerabilidad,,NO DISPONIBLE,
Rionegro,Recurso hídrico,Riesgo hoy,,NO DISPONIBLE,
Rionegro,Recurso hídrico,Riesgo SSP3-7.0 2060,,NO DISPONIBLE,
Rionegro,Seguridad alimentaria,Amenaza,,NO DISPONIBLE,
Rionegro,Seguridad alimentaria,Sensibilidad,,NO DISPONIBLE,
Rionegro,Seguridad alimentaria,Capacidad adaptativa,,NO DISPONIBLE,
Rionegro,Seguridad alimentaria,Vulnerabilidad,,NO DISPONIBLE,
Rionegro,Seguridad alimentaria,Riesgo hoy,,NO DISPONIBLE,
Rionegro,Seguridad alimentaria,Riesgo SSP3-7.0 2060,,NO DISPONIBLE,
Rionegro,Hábitat,Amenaza,,NO DISPONIBLE,
Rionegro,Hábitat,Sensibilidad,,NO DISPONIBLE,
Rionegro,Hábitat,Capacidad adaptativa,,NO DISPONIBLE,
Rionegro,Hábitat,Vulnerabilidad,,NO DISPONIBLE,
Rionegro,Hábitat,Riesgo hoy,,NO DISPONIBLE,
Rionegro,Hábitat,Riesgo SSP3-7.0 2060,,NO DISPONIBLE,
Rionegro,Infraestructura,Amenaza,,NO DISPONIBLE,
Rionegro,Infraestructura,Sensibilidad,,NO DISPONIBLE,
Rionegro,Infraestructura,Capacidad adaptativa,,NO DISPONIBLE,
Rionegro,Infraestructura,Vulnerabilidad,,NO DISPONIBLE,
Rionegro,Infraestructura,Riesgo hoy,,NO DISPONIBLE,
Rionegro,Infraestructura,Riesgo SSP3-7.0 2060,,NO DISPONIBLE,
Rionegro,Riesgo de desastres,Amenaza,,NO DISPONIBLE,
Rionegro,Riesgo de desastres,Sensibilidad,0.4,OFICIAL,"Reto CORNARE (RETO_CLIMATE_WEEK_HACKATHON_1.pdf), sec. 2. Categoría: la mayor sensibilidad de esta dimensión en la regional."
Rionegro,Riesgo de desastres,Capacidad adaptativa,0.56,OFICIAL,"Reto CORNARE (RETO_CLIMATE_WEEK_HACKATHON_1.pdf), sec. 2. Categoría: relativamente favorable."
Rionegro,Riesgo de desastres,Vulnerabilidad,,NO DISPONIBLE,
Rionegro,Riesgo de desastres,Riesgo hoy,0.28,OFICIAL,"Reto CORNARE (RETO_CLIMATE_WEEK_HACKATHON_1.pdf), sec. 2. Categoría: Bajo."
Rionegro,Riesgo de desastres,Riesgo SSP3-7.0 2060,0.32,OFICIAL,"Reto CORNARE (RETO_CLIMATE_WEEK_HACKATHON_1.pdf), sec. 2. Categoría: Medio."
Rionegro,Salud,Amenaza,,NO DISPONIBLE,
Rionegro,Salud,Sensibilidad,,NO DISPONIBLE,
Rionegro,Salud,Capacidad adaptativa,,NO DISPONIBLE,
Rionegro,Salud,Vulnerabilidad,,NO DISPONIBLE,
Rionegro,Salud,Riesgo hoy,,NO DISPONIBLE,
Rionegro,Salud,Riesgo SSP3-7.0 2060,,NO DISPONIBLE,
Guarne,Biodiversidad,Amenaza,,NO DISPONIBLE,
Guarne,Biodiversidad,Sensibilidad,,NO DISPONIBLE,
Guarne,Biodiversidad,Capacidad adaptativa,0.33,OFICIAL,"Reto CORNARE (RETO_CLIMATE_WEEK_HACKATHON_1.pdf), sec. 2. Categoría: Baja."
Guarne,Biodiversidad,Vulnerabilidad,,NO DISPONIBLE,
Guarne,Biodiversidad,Riesgo hoy,,NO DISPONIBLE,
Guarne,Biodiversidad,Riesgo SSP3-7.0 2060,,NO DISPONIBLE,
Guarne,Recurso hídrico,Amenaza,,NO DISPONIBLE,
Guarne,Recurso hídrico,Sensibilidad,,NO DISPONIBLE,
Guarne,Recurso hídrico,Capacidad adaptativa,,NO DISPONIBLE,
Guarne,Recurso hídrico,Vulnerabilidad,,NO DISPONIBLE,
Guarne,Recurso hídrico,Riesgo hoy,,NO DISPONIBLE,
Guarne,Recurso hídrico,Riesgo SSP3-7.0 2060,,NO DISPONIBLE,
Guarne,Seguridad alimentaria,Amenaza,,NO DISPONIBLE,
Guarne,Seguridad alimentaria,Sensibilidad,,NO DISPONIBLE,
Guarne,Seguridad alimentaria,Capacidad adaptativa,,NO DISPONIBLE,
Guarne,Seguridad alimentaria,Vulnerabilidad,,NO DISPONIBLE,
Guarne,Seguridad alimentaria,Riesgo hoy,,NO DISPONIBLE,
Guarne,Seguridad alimentaria,Riesgo SSP3-7.0 2060,,NO DISPONIBLE,
Guarne,Hábitat,Amenaza,,NO DISPONIBLE,
Guarne,Hábitat,Sensibilidad,,NO DISPONIBLE,
Guarne,Hábitat,Capacidad adaptativa,,NO DISPONIBLE,
Guarne,Hábitat,Vulnerabilidad,,NO DISPONIBLE,
Guarne,Hábitat,Riesgo hoy,,NO DISPONIBLE,
Guarne,Hábitat,Riesgo SSP3-7.0 2060,,NO DISPONIBLE,
Guarne,Infraestructura,Amenaza,,NO DISPONIBLE,
Guarne,Infraestructura,Sensibilidad,,NO DISPONIBLE,
Guarne,Infraestructura,Capacidad adaptativa,,NO DISPONIBLE,
Guarne,Infraestructura,Vulnerabilidad,,NO DISPONIBLE,
Guarne,Infraestructura,Riesgo hoy,,NO DISPONIBLE,
Guarne,Infraestructura,Riesgo SSP3-7.0 2060,,NO DISPONIBLE,
Guarne,Riesgo de desastres,Amenaza,,NO DISPONIBLE,
Guarne,Riesgo de desastres,Sensibilidad,,NO DISPONIBLE,
Guarne,Riesgo de desastres,Capacidad adaptativa,,NO DISPONIBLE,
Guarne,Riesgo de desastres,Vulnerabilidad,,NO DISPONIBLE,
Guarne,Riesgo de desastres,Riesgo hoy,,NO DISPONIBLE,
Guarne,Riesgo de desastres,Riesgo SSP3-7.0 2060,,NO DISPONIBLE,
Guarne,Salud,Amenaza,,NO DISPONIBLE,
Guarne,Salud,Sensibilidad,,NO DISPONIBLE,
Guarne,Salud,Capacidad adaptativa,,NO DISPONIBLE,
Guarne,Salud,Vulnerabilidad,,NO DISPONIBLE,
Guarne,Salud,Riesgo hoy,,NO DISPONIBLE,
Guarne,Salud,Riesgo SSP3-7.0 2060,,NO DISPONIBLE,
Marinilla,Biodiversidad,Amenaza,,NO DISPONIBLE,
Marinilla,Biodiversidad,Sensibilidad,,NO DISPONIBLE,
Marinilla,Biodiversidad,Capacidad adaptativa,0.24,OFICIAL,"Reto CORNARE (RETO_CLIMATE_WEEK_HACKATHON_1.pdf), sec. 2. Categoría: Muy baja."
Marinilla,Biodiversidad,Vulnerabilidad,0.72,OFICIAL,"Reto CORNARE (RETO_CLIMATE_WEEK_HACKATHON_1.pdf), sec. 2. Categoría: Muy alta."
Marinilla,Biodiversidad,Riesgo hoy,,NO DISPONIBLE,
Marinilla,Biodiversidad,Riesgo SSP3-7.0 2060,,NO DISPONIBLE,
Marinilla,Recurso hídrico,Amenaza,,NO DISPONIBLE,
Marinilla,Recurso hídrico,Sensibilidad,,NO DISPONIBLE,
Marinilla,Recurso hídrico,Capacidad adaptativa,,NO DISPONIBLE,
Marinilla,Recurso hídrico,Vulnerabilidad,,NO DISPONIBLE,
Marinilla,Recurso hídrico,Riesgo hoy,,NO DISPONIBLE,
Marinilla,Recurso hídrico,Riesgo SSP3-7.0 2060,,NO DISPONIBLE,
Marinilla,Seguridad alimentaria,Amenaza,,NO DISPONIBLE,
Marinilla,Seguridad alimentaria,Sensibilidad,,NO DISPONIBLE,
Marinilla,Seguridad alimentaria,Capacidad adaptativa,,NO DISPONIBLE,
Marinilla,Seguridad alimentaria,Vulnerabilidad,,NO DISPONIBLE,
Marinilla,Seguridad alimentaria,Riesgo hoy,,NO DISPONIBLE,
Marinilla,Seguridad alimentaria,Riesgo SSP3-7.0 2060,,NO DISPONIBLE,
Marinilla,Hábitat,Amenaza,,NO DISPONIBLE,
Marinilla,Hábitat,Sensibilidad,,NO DISPONIBLE,
Marinilla,Hábitat,Capacidad adaptativa,,NO DISPONIBLE,
Marinilla,Hábitat,Vulnerabilidad,,NO DISPONIBLE,
Marinilla,Hábitat,Riesgo hoy,,NO DISPONIBLE,
Marinilla,Hábitat,Riesgo SSP3-7.0 2060,,NO DISPONIBLE,
Marinilla,Infraestructura,Amenaza,,NO DISPONIBLE,
Marinilla,Infraestructura,Sensibilidad,,NO DISPONIBLE,
Marinilla,Infraestructura,Capacidad adaptativa,,NO DISPONIBLE,
Marinilla,Infraestructura,Vulnerabilidad,,NO DISPONIBLE,
Marinilla,Infraestructura,Riesgo hoy,,NO DISPONIBLE,
Marinilla,Infraestructura,Riesgo SSP3-7.0 2060,,NO DISPONIBLE,
Marinilla,Riesgo de desastres,Amenaza,0.695,CALCULADO,"punto medio del rango oficial 0,66–0,73 (Alta). Reto CORNARE (RETO_CLIMATE_WEEK_HACKATHON_1.pdf), sec. 2."
Marinilla,Riesgo de desastres,Sensibilidad,,NO DISPONIBLE,
Marinilla,Riesgo de desastres,Capacidad adaptativa,0.61,OFICIAL,"Reto CORNARE (RETO_CLIMATE_WEEK_HACKATHON_1.pdf), sec. 2. Categoría: relativamente favorable."
Marinilla,Riesgo de desastres,Vulnerabilidad,,NO DISPONIBLE,
Marinilla,Riesgo de desastres,Riesgo hoy,,NO DISPONIBLE,
Marinilla,Riesgo de desastres,Riesgo SSP3-7.0 2060,,NO DISPONIBLE,
Marinilla,Salud,Amenaza,,NO DISPONIBLE,
Marinilla,Salud,Sensibilidad,,NO DISPONIBLE,
Marinilla,Salud,Capacidad adaptativa,,NO DISPONIBLE,
Marinilla,Salud,Vulnerabilidad,,NO DISPONIBLE,
Marinilla,Salud,Riesgo hoy,,NO DISPONIBLE,
Marinilla,Salud,Riesgo SSP3-7.0 2060,,NO DISPONIBLE,
