Municipio,Subregion,Vigencia,Plan,Linea,Medida,Indicador,Ecosistema,Vulnerabilidad,Valor Inversion,dimension_detectada
Rionegro,Valles,2025,PICCA,Ecosistemas y sus servicios,Instrumentos de compensación y pago por servicios ambientales,# de beneficiarios de la estrategia de PSA anuales.,Bosque Natural,Incendios forestales,820000000.0,Riesgo de desastres
Rionegro,Valles,2025,PAI,Autoridad ambiental y gestión integral de los recursos naturales,"Municipios con Planes de Descontaminación por ruido Formulados, actualizados y en implementación",Numero de planes Formulados y/o actualizados,Área Urbana/Ciudad,No Aplica,279166263.0,
Guarne,Valles,2025,PAI,"Educación, participación y comunicación",Asesorar y/o fortalecer los PRAES de las instituciones educativas en 26 municipios,Numero de municipios asesorados y/o fortalecidos,Zona Rural,No Aplica,72487183.0,
Rionegro,Valles,2025,PAI,Cambio Climático y Gestión del Riesgo,"Limpieza, mantenimiento y adecuación de ríos y quebradas en veintiséis (26) corrientes priorizadas de las áreas urbanas y centros poblados",Numero de quebradas intervenidas,Ríos,Inundaciones,475868957.0,Riesgo de desastres
Guarne,Valles,2025,PICCA,Desarrollo agropecuario resiliente,Producción agroecológica y económica campesina,# de capacitaciones realizadas,Zona Rural,No Aplica,21200000.0,
Guarne,Valles,2025,PICCA,Energía y transporte resiliente,Estufas eficientes,# de entes de financiación y organizaciones asociadas a la iniciativa de estufas eficientes.,Zona Rural,No Aplica,56837160.0,
Guarne,Valles,2025,PICCA,Ecosistemas y sus servicios,Instrumentos de compensación y pago por servicios ambientales,# de beneficiarios de la estrategia de PSA anuales.,Bosque Natural,No Aplica,142208685.0,
Rionegro,Valles,2025,PICCA,Ecosistemas y sus servicios,Restauración de ecosistemas estratégicos,COP$ invertido en proyectos de restauración.,Área Protegida,Incendios forestales,183169900.0,Riesgo de desastres
Rionegro,Valles,2025,PAI,"Educación, participación y comunicación",Acompañamiento y/o apoyo de los 27 Comités Interinstitucionales de Educación Ambiental (CIDEA y CIDEAM),Número de Comités acompañados y apoyados,Área Urbana/Ciudad,Inundaciones,35044000.0,Riesgo de desastres
Guarne,Valles,2024,PICCA,Ecosistemas y sus servicios,Instrumentos de compensación y pago por servicios ambientales,# de beneficiarios de la estrategia de PSA anuales.,Bosque Natural,No Aplica,25859901.0,
Rionegro,Valles,2024,PAI,"Educación, participación y comunicación",Involucrar a la ciudadanía en la gestión institucional para el fortalecimiento de la participación y el control social,"numero de Acciones de participación realizadas (planeación, divulgación, desarrollo, evaluación y acciones de mejora)",Zona Rural,No Aplica,32000000.0,
Guarne,Valles,2024,PICCA,Desarrollo agropecuario resiliente,Producción agroecológica y económica campesina,# de familias beneficiadas,Zona Rural,No Aplica,40000000.0,
Guarne,Valles,2024,PICCA,Ecosistemas y sus servicios,Restauración de ecosistemas estratégicos,COP$ invertido en proyectos de restauración.,Zona Rural,Inundaciones,830391679.0,Riesgo de desastres
Guarne,Valles,2023,PICCA,Desarrollo urbano resiliente,Gestión de rellenos sanitarios enfocada a la reducción de emisiones GEI,# Campañas de selección en sitio y reciclaje.,Área Urbana/Ciudad,No Aplica,266204000.0,
Rionegro,Valles,2023,PAI,Cambio Climático y Gestión del Riesgo,"Control y mitigación de procesos erosivos a través de obras estructurales, biomecánicas y ecosistémicas en treinta (30) procesos priorizados en la región",Numero de procesos erosivos intervenidos,Zona Rural,Movimiento en masa,1752946885.0,Riesgo de desastres
Guarne,Valles,2023,PICCA,Competitividad regional e impulso a nuevas economías,Impulsar un sector agropecuario competitivo productivo y resiliente,# de UPA con sistemas de riego implementado.,Zona Rural,Vendavales,54999896.0,Riesgo de desastres
Guarne,Valles,2023,PICCA,Ecosistemas y sus servicios,Instrumentos de compensación y pago por servicios ambientales,# de beneficiarios de la estrategia de PSA anuales.,Bosque Natural,No Aplica,39547566.0,
Guarne,Valles,2023,PICCA,Desarrollo urbano resiliente,Gestión de rellenos sanitarios enfocada a la reducción de emisiones GEI,# Campañas de compostaje tanto urbano como rural.,Zona Rural,No Aplica,0.0,
Rionegro,Valles,2023,PICCA,Ecosistemas y sus servicios,Protección y recuperación de rondas hídricas,# de planes de manejo y monitoreo diseñados e implementados.,Ríos,Inundaciones,253512195.0,Riesgo de desastres
Guarne,Valles,2023,PICCA,Desarrollo agropecuario resiliente,Producción agroecológica y económica campesina,# de asistencias técnicas integrales agropecuarias realizadas por las entidades territoriales anualmente,Zona Rural,No Aplica,90765100.0,
Rionegro,Valles,2023,PICCA,Ecosistemas y sus servicios,Restauración de ecosistemas estratégicos,COP$ invertido en proyectos de restauración.,Zona Rural,Inundaciones,269873478.0,Riesgo de desastres
Guarne,Valles,2022,PICCA,Desarrollo agropecuario resiliente,Producción agroecológica y económica campesina,# de familias beneficiadas,Zona Rural,No Aplica,22050000.0,
Rionegro,Valles,2022,PAI,"Crecimiento verde, economía circular e innovación",Fomento a la Estrategia Nacional de Económica Circular ENEC para el manejo de los residuos solidos orgánicos en los 26 municipios,Municipios asesorados en la actualización de los PGIRS con lineamientos de economía circular,Área Urbana/Ciudad,No Aplica,772212000.0,
Guarne,Valles,2022,PICCA,Desarrollo urbano resiliente,Infraestructura para la movilidad sostenible y sistema,# de vías mejoradas.,Zona Rural,No Aplica,9504912958.0,
Guarne,Valles,2022,PICCA,Competitividad regional e impulso a nuevas economías,Promover un turismo Sostenible,# de personas capacitadas en temas de turismo.,Zona Rural,No Aplica,0.0,
Rionegro,Valles,2021,PAI,Cambio Climático y Gestión del Riesgo,"Control y mitigación de procesos erosivos a través de obras estructurales, biomecánicas y ecosistémicas en treinta (30) procesos priorizados en la región",Numero de procesos erosivos intervenidos,Zona Rural,Movimiento en masa,585122669.0,Riesgo de desastres
Marinilla,Valles,2021,PICCA,Desarrollo urbano resiliente,Gestión de rellenos sanitarios enfocada a la reducción de emisiones GEI,# Campañas de selección en sitio y reciclaje.,Área Urbana/Ciudad,No Aplica,17500000.0,
Guarne,Valles,2020,PICCA,Desarrollo urbano resiliente,Infraestructura para la movilidad sostenible y sistema,# de vías mejoradas.,Zona Rural,Movimiento en masa,2304122401.0,Riesgo de desastres
