ID,Dimensión,Medida,Unidad de intervención (Reto),Costo,Escala,Actúa sobre,Cobeneficios (otras dimensiones),Base del cobeneficio,Indicador MEA disponible,Estado del indicador
M01,Biodiversidad,Instrumentos de compensación y Pago por Servicios Ambientales – PSA,Programa territorial de conservación/restauración de áreas estratégicas durante 3 años,1200.0,municipal,S+CA,Recurso hídrico,Unidad del reto: conservación/restauración de áreas estratégicas,# de beneficiarios de la estrategia de PSA anuales,OFICIAL (Excel adaptación municipios)
M02,Biodiversidad,Restauración de ecosistemas estratégicos,"Intervención integral aproximada de 100 ha, incluyendo establecimiento, mantenimiento inicial y seguimiento",1500.0,municipal,S,Recurso hídrico; Riesgo de desastres,Revegetalización recomendada contra movimientos en masa (Informes 2012 Guarne/Rionegro),COP$ invertido en proyectos de restauración.,OFICIAL (Excel) - es indicador de actividad
M03,Biodiversidad,Fortalecimiento de sistemas de áreas protegidas,"Identificación, gestión, acuerdos, conectividad y fortalecimiento de áreas estratégicas en el corredor",700.0,corredor,CA,Recurso hídrico,Unidad del reto: conectividad y acuerdos en el corredor,# de ecosistemas estratégicos con planes de manejo formulados anualmente,RELACIONADO (Excel: Estrategias con estructura ecológica principal)
M04,Recurso hídrico,Uso intersectorial eficiente del recurso hídrico,"Programa para grandes usuarios, empresas, sector público y/o productivo: diagnóstico, medición, eficiencia, reúso y seguimiento",900.0,municipal,S+CA,,Sin cobeneficio demostrado en las fuentes,# de empresas de sectores productivos priorizados que aumentan su eficiencia en el uso del agua.,OFICIAL (Excel)
M05,Recurso hídrico,Protección y recuperación de rondas hídricas,"Intervención integral de corredores ribereños priorizados: restauración, aislamiento, recuperación y seguimiento",1300.0,municipal,S,Biodiversidad; Riesgo de desastres; Hábitat,Invasión de retiros y llenos en llanuras asociada a inundaciones urbanas (Informes 2012/2014),# de planes de manejo y monitoreo diseñados e implementados.,OFICIAL (Excel)
M06,Recurso hídrico,Protección de cabeceras de cuenca y ecosistemas abastecedores,Intervención de una microcuenca o sistema abastecedor estratégico,1600.0,municipal,S,Biodiversidad,Unidad del reto: ecosistemas abastecedores,NO DISPONIBLE,NO DISPONIBLE
M07,Seguridad alimentaria,Protección y reconversión de suelos agrícolas estratégicos,"Programa territorial con productores: asistencia, reconversión, conservación de suelo y agua",1000.0,municipal,S,Recurso hídrico; Riesgo de desastres,Movimientos en masa ligados a prácticas agrícolas (Informe 2012 Marinilla; Rionegro),# de actores educados y capacitados en términos de conservación y uso del suelo anualmente,RELACIONADO (Excel: Protección de suelos)
M08,Seguridad alimentaria,Producción agroecológica y economía rural resiliente,"Programa de asistencia técnica, manejo de suelo, agua, asociatividad y adaptación productiva",800.0,municipal,S+CA,Recurso hídrico,Unidad del reto: manejo de suelo y agua,# de familias beneficiadas,OFICIAL (Excel)
M09,Hábitat,Espacios verdes urbanos,"Corredor/área verde multifuncional con arborización, conectividad y regulación térmica/hídrica",1000.0,municipal,S,Salud; Recurso hídrico; Biodiversidad,Unidad del reto: regulación térmica/hídrica y conectividad,NO DISPONIBLE,NO DISPONIBLE
M10,Hábitat,Sistemas Urbanos de Drenaje Sostenible – SUDS,"Intervención piloto de escala municipal: jardines de lluvia, zonas de infiltración, pavimentos permeables, almacenamiento, etc.",1800.0,municipal,S,Riesgo de desastres; Recurso hídrico,Unidad del reto: infiltración y almacenamiento; Informes 2014 sobre escorrentía urbana,# de municipios donde se implementa la medida.,OFICIAL (Excel) - indicador de actividad
M11,Infraestructura,Infraestructura resiliente al cambio climático,Adecuación de un punto crítico de infraestructura/vía/servicio priorizado,2500.0,municipal,S,Riesgo de desastres,Unidad del reto: punto crítico de infraestructura/vía,Cambio en población urbana localizada en zonas de amenaza.,RELACIONADO (Excel: Construcciones resistentes) - indicador de resultado
M12,Infraestructura,Fortalecimiento de infraestructura resiliente y servicios públicos,Intervención focalizada de infraestructura o servicio esencial,2000.0,municipal,S,Riesgo de desastres,Unidad del reto: servicio esencial,NO DISPONIBLE,NO DISPONIBLE
M13,Riesgo de desastres,Fortalecimiento de Sistemas de Alerta Temprana – SAT,"Sistema interoperable para puntos críticos del corredor, instrumentación + comunicaciones + protocolos",1200.0,corredor,CA,Infraestructura,Unidad del reto: puntos críticos del corredor,NO DISPONIBLE,NO DISPONIBLE
M14,Riesgo de desastres,"Conocimiento y comunicación sobre amenazas, vulnerabilidad y riesgo climático","Estudios, modelación, instrumentación básica, protocolos y plataforma de información",600.0,corredor,CA,,Su valor es informacional (ver análisis de valor de la información),# de estudios de riesgo climático elaborados por sector anualmente,RELACIONADO (Excel: Uso intersectorial)
M15,Salud,Sistema de salud y entornos saludables resilientes al clima,"Vigilancia climato-sensible, capacidades institucionales, prevención y respuesta",800.0,municipal,CA,,Sin datos de salud en las fuentes,NO DISPONIBLE,NO DISPONIBLE
