alternativa,medida,dimension,territorio,costo_M,actua_sobre,Necesidad,Brecha CA,Evidencia,Cobertura,Cobeneficios,Robustez 2060,datos_V_CA,elegible,puntaje_ref,puntaje_2060,en_referencia,en_2060,en_robusto,frec_datos,frec_pesos,frec_efectividad,frec_conjunta,confianza,robustez_2060,cobeneficios,indicador,estado_indicador
M02-RIO,Restauración de ecosistemas estratégicos,Biodiversidad,Rionegro,1500.0,S,0.75,0.39,1.0,0.333,0.667,0.5,2,True,0.628,0.596,True,False,True,0.174,0.373,0.41,0.201,Media,No evaluable (sin dato 2060),Recurso hídrico; Riesgo de desastres,COP$ invertido en proyectos de restauración.,OFICIAL (Excel) - es indicador de actividad
M03-COR,Fortalecimiento de sistemas de áreas protegidas,Biodiversidad,Corredor,700.0,CA,0.673,0.737,0.167,1.0,0.333,0.5,5,True,0.6077,0.5807,True,True,True,0.901,0.953,1.0,0.809,Alta,No evaluable (sin dato 2060),Recurso hídrico,# de ecosistemas estratégicos con planes de manejo formulados anualmente,RELACIONADO (Excel: Estrategias con estructura ecológica principal)
M01-RIO,Instrumentos de compensación y Pago por Servicios Ambientales – PSA,Biodiversidad,Rionegro,1200.0,S+CA,0.75,0.78,0.5,0.333,0.333,0.5,2,True,0.5727,0.5545,True,True,True,0.346,0.614,0.437,0.285,Media,No evaluable (sin dato 2060),Recurso hídrico,# de beneficiarios de la estrategia de PSA anuales,OFICIAL (Excel adaptación municipios)
M14-COR,"Conocimiento y comunicación sobre amenazas, vulnerabilidad y riesgo climático",Riesgo de desastres,Corredor,600.0,CA,0.5,0.443,0.833,1.0,0.0,0.667,2,True,0.5387,0.5707,True,True,True,0.821,0.921,0.911,0.712,Alta,Se refuerza (riesgo sube a 2060),,# de estudios de riesgo climático elaborados por sector anualmente,RELACIONADO (Excel: Uso intersectorial)
M07-MAR,Protección y reconversión de suelos agrícolas estratégicos,Seguridad alimentaria,Marinilla,1000.0,S,0.5,0.25,1.0,0.333,0.667,0.5,0,True,0.525,0.5187,True,False,True,0.374,0.685,0.729,0.381,Media,No evaluable (sin dato 2060),Recurso hídrico; Riesgo de desastres,# de actores educados y capacitados en términos de conservación y uso del suelo anualmente,RELACIONADO (Excel: Protección de suelos)
M05-RIO,Protección y recuperación de rondas hídricas,Recurso hídrico,Rionegro,1300.0,S,0.53,0.25,1.0,0.333,1.0,0.5,0,True,0.5923,0.5692,False,False,False,0.271,0.17,0.0,0.273,Baja,No evaluable (sin dato 2060),Biodiversidad; Riesgo de desastres; Hábitat,# de planes de manejo y monitoreo diseñados e implementados.,OFICIAL (Excel)
M05-GUA,Protección y recuperación de rondas hídricas,Recurso hídrico,Guarne,1300.0,S,0.53,0.25,1.0,0.333,1.0,0.5,0,True,0.5923,0.5692,False,False,False,0.272,0.012,0.0,0.28,Baja,No evaluable (sin dato 2060),Biodiversidad; Riesgo de desastres; Hábitat,# de planes de manejo y monitoreo diseñados e implementados.,OFICIAL (Excel)
M05-MAR,Protección y recuperación de rondas hídricas,Recurso hídrico,Marinilla,1300.0,S,0.53,0.25,1.0,0.333,1.0,0.5,0,True,0.5923,0.5692,False,True,False,0.266,0.521,0.271,0.263,Baja,No evaluable (sin dato 2060),Biodiversidad; Riesgo de desastres; Hábitat,# de planes de manejo y monitoreo diseñados e implementados.,OFICIAL (Excel)
M02-GUA,Restauración de ecosistemas estratégicos,Biodiversidad,Guarne,1500.0,S,0.55,0.335,1.0,0.333,0.667,0.5,1,True,0.557,0.5427,False,False,False,0.074,0.0,0.089,0.091,Baja,No evaluable (sin dato 2060),Recurso hídrico; Riesgo de desastres,COP$ invertido en proyectos de restauración.,OFICIAL (Excel) - es indicador de actividad
M02-MAR,Restauración de ecosistemas estratégicos,Biodiversidad,Marinilla,1500.0,S,0.72,0.38,0.5,0.333,0.667,0.5,2,True,0.542,0.5315,False,False,False,0.012,0.0,0.0,0.026,Media,No evaluable (sin dato 2060),Recurso hídrico; Riesgo de desastres,COP$ invertido en proyectos de restauración.,OFICIAL (Excel) - es indicador de actividad
M07-RIO,Protección y reconversión de suelos agrícolas estratégicos,Seguridad alimentaria,Rionegro,1000.0,S,0.5,0.25,1.0,0.333,0.667,0.5,0,True,0.525,0.5187,False,False,False,0.341,0.141,0.408,0.347,Media,No evaluable (sin dato 2060),Recurso hídrico; Riesgo de desastres,# de actores educados y capacitados en términos de conservación y uso del suelo anualmente,RELACIONADO (Excel: Protección de suelos)
M07-GUA,Protección y reconversión de suelos agrícolas estratégicos,Seguridad alimentaria,Guarne,1000.0,S,0.5,0.25,1.0,0.333,0.667,0.5,0,True,0.525,0.5187,False,False,False,0.355,0.102,0.0,0.36,Media,No evaluable (sin dato 2060),Recurso hídrico; Riesgo de desastres,# de actores educados y capacitados en términos de conservación y uso del suelo anualmente,RELACIONADO (Excel: Protección de suelos)
M13-COR,Fortalecimiento de Sistemas de Alerta Temprana – SAT,Riesgo de desastres,Corredor,1200.0,CA,0.5,0.443,0.333,1.0,0.333,0.667,2,True,0.522,0.5582,False,True,False,0.192,0.347,0.248,0.181,Baja,Se refuerza (riesgo sube a 2060),Infraestructura,NO DISPONIBLE,NO DISPONIBLE
M01-GUA,Instrumentos de compensación y Pago por Servicios Ambientales – PSA,Biodiversidad,Guarne,1200.0,S+CA,0.55,0.67,0.5,0.333,0.333,0.5,1,True,0.4907,0.493,False,False,False,0.13,0.01,0.0,0.095,Baja,No evaluable (sin dato 2060),Recurso hídrico,# de beneficiarios de la estrategia de PSA anuales,OFICIAL (Excel adaptación municipios)
M01-MAR,Instrumentos de compensación y Pago por Servicios Ambientales – PSA,Biodiversidad,Marinilla,1200.0,S+CA,0.72,0.76,0.0,0.333,0.333,0.5,2,True,0.4847,0.4885,False,False,False,0.052,0.1,0.0,0.064,Media,No evaluable (sin dato 2060),Recurso hídrico,# de beneficiarios de la estrategia de PSA anuales,OFICIAL (Excel adaptación municipios)
M11-MAR,Infraestructura resiliente al cambio climático,Infraestructura,Marinilla,2500.0,S,0.5,0.25,1.0,0.333,0.333,0.5,0,True,0.4667,0.475,False,False,False,0.0,0.0,0.0,0.006,Baja,No evaluable (sin dato 2060),Riesgo de desastres,Cambio en población urbana localizada en zonas de amenaza.,RELACIONADO (Excel: Construcciones resistentes) - indicador de resultado
M10-RIO,Sistemas Urbanos de Drenaje Sostenible – SUDS,Hábitat,Rionegro,1800.0,S,0.5,0.25,0.5,0.333,0.667,0.5,0,True,0.45,0.4625,False,False,False,0.0,0.0,0.0,0.008,Baja,No evaluable (sin dato 2060),Riesgo de desastres; Recurso hídrico,# de municipios donde se implementa la medida.,OFICIAL (Excel) - indicador de actividad
M10-GUA,Sistemas Urbanos de Drenaje Sostenible – SUDS,Hábitat,Guarne,1800.0,S,0.5,0.25,0.5,0.333,0.667,0.5,0,True,0.45,0.4625,False,False,False,0.0,0.0,0.0,0.011,Baja,No evaluable (sin dato 2060),Riesgo de desastres; Recurso hídrico,# de municipios donde se implementa la medida.,OFICIAL (Excel) - indicador de actividad
M10-MAR,Sistemas Urbanos de Drenaje Sostenible – SUDS,Hábitat,Marinilla,1800.0,S,0.5,0.25,0.5,0.333,0.667,0.5,0,True,0.45,0.4625,False,False,False,0.0,0.0,0.0,0.006,Baja,No evaluable (sin dato 2060),Riesgo de desastres; Recurso hídrico,# de municipios donde se implementa la medida.,OFICIAL (Excel) - indicador de actividad
M08-GUA,Producción agroecológica y economía rural resiliente,Seguridad alimentaria,Guarne,800.0,S+CA,0.5,0.5,0.5,0.333,0.333,0.5,0,True,0.4417,0.4562,False,False,False,0.284,0.039,0.408,0.314,Media,No evaluable (sin dato 2060),Recurso hídrico,# de familias beneficiadas,OFICIAL (Excel)
M08-MAR,Producción agroecológica y economía rural resiliente,Seguridad alimentaria,Marinilla,800.0,S+CA,0.5,0.5,0.5,0.333,0.333,0.5,0,True,0.4417,0.4562,False,False,False,0.292,0.039,0.408,0.325,Media,No evaluable (sin dato 2060),Recurso hídrico,# de familias beneficiadas,OFICIAL (Excel)
M09-RIO,Espacios verdes urbanos,Hábitat,Rionegro,1000.0,S,0.5,0.25,0.0,0.333,1.0,0.5,0,False,0.4333,0.45,False,False,False,0.0,0.0,0.0,0.0,Baja,No evaluable (sin dato 2060),Salud; Recurso hídrico; Biodiversidad,NO DISPONIBLE,NO DISPONIBLE
M09-GUA,Espacios verdes urbanos,Hábitat,Guarne,1000.0,S,0.5,0.25,0.0,0.333,1.0,0.5,0,False,0.4333,0.45,False,False,False,0.0,0.0,0.0,0.0,Baja,No evaluable (sin dato 2060),Salud; Recurso hídrico; Biodiversidad,NO DISPONIBLE,NO DISPONIBLE
M09-MAR,Espacios verdes urbanos,Hábitat,Marinilla,1000.0,S,0.5,0.25,0.0,0.333,1.0,0.5,0,False,0.4333,0.45,False,False,False,0.0,0.0,0.0,0.0,Baja,No evaluable (sin dato 2060),Salud; Recurso hídrico; Biodiversidad,NO DISPONIBLE,NO DISPONIBLE
M06-GUA,Protección de cabeceras de cuenca y ecosistemas abastecedores,Recurso hídrico,Guarne,1600.0,S,0.53,0.25,0.5,0.333,0.333,0.5,0,True,0.4007,0.4255,False,False,False,0.001,0.0,0.0,0.003,Baja,No evaluable (sin dato 2060),Biodiversidad,NO DISPONIBLE,NO DISPONIBLE
M11-RIO,Infraestructura resiliente al cambio climático,Infraestructura,Rionegro,2500.0,S,0.5,0.25,0.5,0.333,0.333,0.5,0,True,0.3917,0.4187,False,False,False,0.0,0.0,0.0,0.001,Baja,No evaluable (sin dato 2060),Riesgo de desastres,Cambio en población urbana localizada en zonas de amenaza.,RELACIONADO (Excel: Construcciones resistentes) - indicador de resultado
M11-GUA,Infraestructura resiliente al cambio climático,Infraestructura,Guarne,2500.0,S,0.5,0.25,0.5,0.333,0.333,0.5,0,True,0.3917,0.4187,False,False,False,0.0,0.0,0.0,0.001,Baja,No evaluable (sin dato 2060),Riesgo de desastres,Cambio en población urbana localizada en zonas de amenaza.,RELACIONADO (Excel: Construcciones resistentes) - indicador de resultado
M12-GUA,Fortalecimiento de infraestructura resiliente y servicios públicos,Infraestructura,Guarne,2000.0,S,0.5,0.25,0.5,0.333,0.333,0.5,0,True,0.3917,0.4187,False,False,False,0.0,0.0,0.0,0.001,Baja,No evaluable (sin dato 2060),Riesgo de desastres,NO DISPONIBLE,NO DISPONIBLE
M12-MAR,Fortalecimiento de infraestructura resiliente y servicios públicos,Infraestructura,Marinilla,2000.0,S,0.5,0.25,0.5,0.333,0.333,0.5,0,True,0.3917,0.4187,False,False,False,0.0,0.0,0.0,0.001,Baja,No evaluable (sin dato 2060),Riesgo de desastres,NO DISPONIBLE,NO DISPONIBLE
M08-RIO,Producción agroecológica y economía rural resiliente,Seguridad alimentaria,Rionegro,800.0,S+CA,0.5,0.5,0.0,0.333,0.333,0.5,0,False,0.3667,0.4,False,False,False,0.0,0.0,0.0,0.0,Baja,No evaluable (sin dato 2060),Recurso hídrico,# de familias beneficiadas,OFICIAL (Excel)
M06-RIO,Protección de cabeceras de cuenca y ecosistemas abastecedores,Recurso hídrico,Rionegro,1600.0,S,0.53,0.25,0.0,0.333,0.333,0.5,0,False,0.3257,0.3692,False,False,False,0.0,0.0,0.0,0.0,Baja,No evaluable (sin dato 2060),Biodiversidad,NO DISPONIBLE,NO DISPONIBLE
M06-MAR,Protección de cabeceras de cuenca y ecosistemas abastecedores,Recurso hídrico,Marinilla,1600.0,S,0.53,0.25,0.0,0.333,0.333,0.5,0,False,0.3257,0.3692,False,False,False,0.0,0.0,0.0,0.0,Baja,No evaluable (sin dato 2060),Biodiversidad,NO DISPONIBLE,NO DISPONIBLE
M04-RIO,Uso intersectorial eficiente del recurso hídrico,Recurso hídrico,Rionegro,900.0,S+CA,0.53,0.5,0.0,0.333,0.0,0.5,0,False,0.3173,0.363,False,False,False,0.0,0.0,0.0,0.0,Baja,No evaluable (sin dato 2060),,# de empresas de sectores productivos priorizados que aumentan su eficiencia en el uso del agua.,OFICIAL (Excel)
M04-GUA,Uso intersectorial eficiente del recurso hídrico,Recurso hídrico,Guarne,900.0,S+CA,0.53,0.5,0.0,0.333,0.0,0.5,0,False,0.3173,0.363,False,False,False,0.0,0.0,0.0,0.0,Baja,No evaluable (sin dato 2060),,# de empresas de sectores productivos priorizados que aumentan su eficiencia en el uso del agua.,OFICIAL (Excel)
M04-MAR,Uso intersectorial eficiente del recurso hídrico,Recurso hídrico,Marinilla,900.0,S+CA,0.53,0.5,0.0,0.333,0.0,0.5,0,False,0.3173,0.363,False,False,False,0.0,0.0,0.0,0.0,Baja,No evaluable (sin dato 2060),,# de empresas de sectores productivos priorizados que aumentan su eficiencia en el uso del agua.,OFICIAL (Excel)
M12-RIO,Fortalecimiento de infraestructura resiliente y servicios públicos,Infraestructura,Rionegro,2000.0,S,0.5,0.25,0.0,0.333,0.333,0.5,0,False,0.3167,0.3625,False,False,False,0.0,0.0,0.0,0.0,Baja,No evaluable (sin dato 2060),Riesgo de desastres,NO DISPONIBLE,NO DISPONIBLE
M15-RIO,Sistema de salud y entornos saludables resilientes al clima,Salud,Rionegro,800.0,CA,0.5,0.5,0.0,0.333,0.0,0.5,0,False,0.3083,0.3562,False,False,False,0.0,0.0,0.0,0.0,Baja,No evaluable (sin dato 2060),,NO DISPONIBLE,NO DISPONIBLE
M15-GUA,Sistema de salud y entornos saludables resilientes al clima,Salud,Guarne,800.0,CA,0.5,0.5,0.0,0.333,0.0,0.5,0,False,0.3083,0.3562,False,False,False,0.0,0.0,0.0,0.0,Baja,No evaluable (sin dato 2060),,NO DISPONIBLE,NO DISPONIBLE
M15-MAR,Sistema de salud y entornos saludables resilientes al clima,Salud,Marinilla,800.0,CA,0.5,0.5,0.0,0.333,0.0,0.5,0,False,0.3083,0.3562,False,False,False,0.0,0.0,0.0,0.0,Baja,No evaluable (sin dato 2060),,NO DISPONIBLE,NO DISPONIBLE
