celda,valor_caso_base,regla
Guarne · Biodiversidad · Riesgo SSP3-7.0 2060,0.5,valor de referencia (parámetro)
Guarne · Biodiversidad · Riesgo hoy,0.5,valor de referencia (parámetro)
Guarne · Biodiversidad · Robustez 2060,0.5,valor de referencia (parámetro)
Guarne · Biodiversidad · Vulnerabilidad,0.55,promedio regional oficial
Guarne · Hábitat · Capacidad adaptativa,0.5,valor de referencia (parámetro)
Guarne · Hábitat · Riesgo SSP3-7.0 2060,0.5,valor de referencia (parámetro)
Guarne · Hábitat · Riesgo hoy,0.5,valor de referencia (parámetro)
Guarne · Hábitat · Robustez 2060,0.5,valor de referencia (parámetro)
Guarne · Hábitat · Vulnerabilidad,0.5,valor de referencia (parámetro)
Guarne · Infraestructura · Capacidad adaptativa,0.5,valor de referencia (parámetro)
Guarne · Infraestructura · Riesgo SSP3-7.0 2060,0.5,valor de referencia (parámetro)
Guarne · Infraestructura · Riesgo hoy,0.5,valor de referencia (parámetro)
Guarne · Infraestructura · Robustez 2060,0.5,valor de referencia (parámetro)
Guarne · Infraestructura · Vulnerabilidad,0.5,valor de referencia (parámetro)
Guarne · Recurso hídrico · Capacidad adaptativa,0.5,valor de referencia (parámetro)
Guarne · Recurso hídrico · Riesgo SSP3-7.0 2060,0.5,valor de referencia (parámetro)
Guarne · Recurso hídrico · Riesgo hoy,0.5,valor de referencia (parámetro)
Guarne · Recurso hídrico · Robustez 2060,0.5,valor de referencia (parámetro)
Guarne · Recurso hídrico · Vulnerabilidad,0.53,promedio regional oficial
Guarne · Riesgo de desastres · Capacidad adaptativa,0.5,valor de referencia (parámetro)
Guarne · Riesgo de desastres · Riesgo SSP3-7.0 2060,0.5,valor de referencia (parámetro)
Guarne · Riesgo de desastres · Riesgo hoy,0.5,valor de referencia (parámetro)
Guarne · Riesgo de desastres · Robustez 2060,0.5,valor de referencia (parámetro)
Guarne · Riesgo de desastres · Vulnerabilidad,0.2367586007137318,estimado desde histórico (n=3 registros)
Guarne · Salud · Capacidad adaptativa,0.5,valor de referencia (parámetro)
Guarne · Salud · Riesgo SSP3-7.0 2060,0.5,valor de referencia (parámetro)
Guarne · Salud · Riesgo hoy,0.5,valor de referencia (parámetro)
Guarne · Salud · Robustez 2060,0.5,valor de referencia (parámetro)
Guarne · Salud · Vulnerabilidad,0.5,valor de referencia (parámetro)
Guarne · Seguridad alimentaria · Capacidad adaptativa,0.5,valor de referencia (parámetro)
Guarne · Seguridad alimentaria · Riesgo SSP3-7.0 2060,0.5,valor de referencia (parámetro)
Guarne · Seguridad alimentaria · Riesgo hoy,0.5,valor de referencia (parámetro)
Guarne · Seguridad alimentaria · Robustez 2060,0.5,valor de referencia (parámetro)
Guarne · Seguridad alimentaria · Vulnerabilidad,0.5,valor de referencia (parámetro)
Marinilla · Biodiversidad · Riesgo SSP3-7.0 2060,0.5,valor de referencia (parámetro)
Marinilla · Biodiversidad · Riesgo hoy,0.5,valor de referencia (parámetro)
Marinilla · Biodiversidad · Robustez 2060,0.5,valor de referencia (parámetro)
Marinilla · Hábitat · Capacidad adaptativa,0.5,valor de referencia (parámetro)
Marinilla · Hábitat · Riesgo SSP3-7.0 2060,0.5,valor de referencia (parámetro)
Marinilla · Hábitat · Riesgo hoy,0.5,valor de referencia (parámetro)
Marinilla · Hábitat · Robustez 2060,0.5,valor de referencia (parámetro)
Marinilla · Hábitat · Vulnerabilidad,0.5,valor de referencia (parámetro)
Marinilla · Infraestructura · Capacidad adaptativa,0.5,valor de referencia (parámetro)
Marinilla · Infraestructura · Riesgo SSP3-7.0 2060,0.5,valor de referencia (parámetro)
Marinilla · Infraestructura · Riesgo hoy,0.5,valor de referencia (parámetro)
Marinilla · Infraestructura · Robustez 2060,0.5,valor de referencia (parámetro)
Marinilla · Infraestructura · Vulnerabilidad,0.5,valor de referencia (parámetro)
Marinilla · Recurso hídrico · Capacidad adaptativa,0.5,valor de referencia (parámetro)
Marinilla · Recurso hídrico · Riesgo SSP3-7.0 2060,0.5,valor de referencia (parámetro)
Marinilla · Recurso hídrico · Riesgo hoy,0.5,valor de referencia (parámetro)
Marinilla · Recurso hídrico · Robustez 2060,0.5,valor de referencia (parámetro)
Marinilla · Recurso hídrico · Vulnerabilidad,0.53,promedio regional oficial
Marinilla · Riesgo de desastres · Riesgo SSP3-7.0 2060,0.5,valor de referencia (parámetro)
Marinilla · Riesgo de desastres · Riesgo hoy,0.5,valor de referencia (parámetro)
Marinilla · Riesgo de desastres · Robustez 2060,0.5,valor de referencia (parámetro)
Marinilla · Riesgo de desastres · Vulnerabilidad,0.5,valor de referencia (parámetro)
Marinilla · Salud · Capacidad adaptativa,0.5,valor de referencia (parámetro)
Marinilla · Salud · Riesgo SSP3-7.0 2060,0.5,valor de referencia (parámetro)
Marinilla · Salud · Riesgo hoy,0.5,valor de referencia (parámetro)
Marinilla · Salud · Robustez 2060,0.5,valor de referencia (parámetro)
Marinilla · Salud · Vulnerabilidad,0.5,valor de referencia (parámetro)
Marinilla · Seguridad alimentaria · Capacidad adaptativa,0.5,valor de referencia (parámetro)
Marinilla · Seguridad alimentaria · Riesgo SSP3-7.0 2060,0.5,valor de referencia (parámetro)
Marinilla · Seguridad alimentaria · Riesgo hoy,0.5,valor de referencia (parámetro)
Marinilla · Seguridad alimentaria · Robustez 2060,0.5,valor de referencia (parámetro)
Marinilla · Seguridad alimentaria · Vulnerabilidad,0.5,valor de referencia (parámetro)
Rionegro · Biodiversidad · Riesgo SSP3-7.0 2060,0.5,valor de referencia (parámetro)
Rionegro · Biodiversidad · Riesgo hoy,0.5,valor de referencia (parámetro)
Rionegro · Biodiversidad · Robustez 2060,0.5,valor de referencia (parámetro)
Rionegro · Hábitat · Capacidad adaptativa,0.5,valor de referencia (parámetro)
Rionegro · Hábitat · Riesgo SSP3-7.0 2060,0.5,valor de referencia (parámetro)
Rionegro · Hábitat · Riesgo hoy,0.5,valor de referencia (parámetro)
Rionegro · Hábitat · Robustez 2060,0.5,valor de referencia (parámetro)
Rionegro · Hábitat · Vulnerabilidad,0.5,valor de referencia (parámetro)
Rionegro · Infraestructura · Capacidad adaptativa,0.5,valor de referencia (parámetro)
Rionegro · Infraestructura · Riesgo SSP3-7.0 2060,0.5,valor de referencia (parámetro)
Rionegro · Infraestructura · Riesgo hoy,0.5,valor de referencia (parámetro)
Rionegro · Infraestructura · Robustez 2060,0.5,valor de referencia (parámetro)
Rionegro · Infraestructura · Vulnerabilidad,0.5,valor de referencia (parámetro)
Rionegro · Recurso hídrico · Capacidad adaptativa,0.5,valor de referencia (parámetro)
Rionegro · Recurso hídrico · Riesgo SSP3-7.0 2060,0.5,valor de referencia (parámetro)
Rionegro · Recurso hídrico · Riesgo hoy,0.5,valor de referencia (parámetro)
Rionegro · Recurso hídrico · Robustez 2060,0.5,valor de referencia (parámetro)
Rionegro · Recurso hídrico · Vulnerabilidad,0.53,promedio regional oficial
Rionegro · Riesgo de desastres · Vulnerabilidad,0.8015396840445483,estimado desde histórico (n=8 registros)
Rionegro · Salud · Capacidad adaptativa,0.5,valor de referencia (parámetro)
Rionegro · Salud · Riesgo SSP3-7.0 2060,0.5,valor de referencia (parámetro)
Rionegro · Salud · Riesgo hoy,0.5,valor de referencia (parámetro)
Rionegro · Salud · Robustez 2060,0.5,valor de referencia (parámetro)
Rionegro · Salud · Vulnerabilidad,0.5,valor de referencia (parámetro)
Rionegro · Seguridad alimentaria · Capacidad adaptativa,0.5,valor de referencia (parámetro)
Rionegro · Seguridad alimentaria · Riesgo SSP3-7.0 2060,0.5,valor de referencia (parámetro)
Rionegro · Seguridad alimentaria · Riesgo hoy,0.5,valor de referencia (parámetro)
Rionegro · Seguridad alimentaria · Robustez 2060,0.5,valor de referencia (parámetro)
Rionegro · Seguridad alimentaria · Vulnerabilidad,0.5,valor de referencia (parámetro)
