portafolio,n,costo,regret_medio,regret_p90,regret_max,pct_casi_optimo,veces_optimo,desempate
M01-RIO + M02-RIO + M03-COR + M07-GUA + M14-COR,5,5000.0,0.09968803867606513,0.17655277761312874,0.39148770529241855,0.566,0.014333333333333333,0
M01-RIO + M02-RIO + M03-COR + M07-MAR + M14-COR,5,5000.0,0.09907995509439169,0.18009602423175322,0.3877386909755808,0.567,0.017333333333333333,1
M02-RIO + M03-COR + M07-MAR + M13-COR + M14-COR,5,5000.0,0.10701260351202627,0.18189051434239797,0.38407487890637027,0.48933333333333334,0.009333333333333334,1
M02-RIO + M03-COR + M07-GUA + M13-COR + M14-COR,5,5000.0,0.10762068709369971,0.18220527977779277,0.3870400429531891,0.48133333333333334,0.005333333333333333,0
M01-RIO + M02-RIO + M03-COR + M07-RIO + M14-COR,5,5000.0,0.09940030900438522,0.18616546106775633,0.4192018854662759,0.5546666666666666,0.03333333333333333,0
M02-RIO + M03-COR + M07-RIO + M13-COR + M14-COR,5,5000.0,0.10733295742201979,0.1893620459438338,0.37838880123509316,0.495,0.014,0
M01-RIO + M03-COR + M05-RIO + M13-COR + M14-COR,5,5000.0,0.10845458089707787,0.19457418250811234,0.37943431867419003,0.4876666666666667,0.019333333333333334,0
M01-RIO + M03-COR + M05-MAR + M13-COR + M14-COR,5,5000.0,0.10880491237986076,0.19585669926024024,0.3163619356051713,0.48966666666666664,0.018333333333333333,1
M01-RIO + M03-COR + M05-GUA + M13-COR + M14-COR,5,5000.0,0.10805591459808422,0.1970006512702823,0.3428568114131954,0.48033333333333333,0.020666666666666667,0
M02-RIO + M03-COR + M05-RIO + M08-MAR + M14-COR,5,4900.0,0.12515448572259846,0.19996137947657722,0.41945214842694223,0.3636666666666667,0.0003333333333333333,0
M03-COR + M05-RIO + M05-MAR + M07-GUA + M14-COR,5,4900.0,0.11900029329354864,0.2058621225107572,0.3661027487223249,0.417,0.01,1
M03-COR + M05-RIO + M05-GUA + M07-GUA + M14-COR,5,4900.0,0.11825129551177213,0.2059891025385179,0.38523036580719017,0.43533333333333335,0.011,0
M03-COR + M05-RIO + M05-GUA + M07-MAR + M14-COR,5,4900.0,0.11764321193009869,0.20633870260450568,0.4121177468322471,0.43666666666666665,0.01,1
M03-COR + M05-GUA + M05-MAR + M07-MAR + M14-COR,5,4900.0,0.11799354341288154,0.2082320655900603,0.4181071457791115,0.44233333333333336,0.010333333333333333,2
M03-COR + M05-GUA + M05-MAR + M07-GUA + M14-COR,5,4900.0,0.11860162699455498,0.20846997470612816,0.37379124398953106,0.43366666666666664,0.009333333333333334,1
M01-RIO + M02-GUA + M03-COR + M07-MAR + M14-COR,5,5000.0,0.12928732168512214,0.2085239018252908,0.41328536738530464,0.3426666666666667,0.0003333333333333333,1
M03-COR + M05-RIO + M05-MAR + M07-MAR + M14-COR,5,4900.0,0.1183922097118752,0.20858475733545428,0.42159933789705073,0.43666666666666665,0.008666666666666666,2
M01-RIO + M01-MAR + M03-COR + M05-RIO + M14-COR,5,5000.0,0.12612610673591504,0.20905180147169597,0.3657662632922815,0.37133333333333335,0.009333333333333334,0
M01-RIO + M03-COR + M05-RIO + M07-RIO + M14-COR,5,4800.0,0.13082228417739292,0.20963616082464007,0.37856654325252,0.331,0.001,0
M01-RIO + M01-MAR + M03-COR + M05-GUA + M14-COR,5,5000.0,0.12572744043692136,0.2096924086028284,0.38012223147277424,0.3566666666666667,0.005666666666666667,0
M01-RIO + M03-COR + M05-GUA + M07-RIO + M14-COR,5,4800.0,0.1304236178783993,0.20977554464580353,0.35518641103441906,0.332,0.001,0
M02-RIO + M03-COR + M07-RIO + M07-GUA + M08-MAR,5,5000.0,0.1391213608745825,0.2106893849798167,0.3886006981692173,0.24833333333333332,0.0003333333333333333,0
M03-COR + M05-RIO + M05-GUA + M07-RIO + M14-COR,5,4900.0,0.11796356584009222,0.21130472373769407,0.39057857908571364,0.44466666666666665,0.020666666666666667,0
M01-RIO + M02-GUA + M03-COR + M07-GUA + M14-COR,5,5000.0,0.12989540526679558,0.21130757624247615,0.41625053143212337,0.3293333333333333,0.0003333333333333333,0
M02-MAR + M03-COR + M07-MAR + M13-COR + M14-COR,5,5000.0,0.135116531074499,0.2113603727314811,0.37321190636964846,0.2856666666666667,0.0013333333333333333,2
M01-RIO + M03-COR + M05-MAR + M07-RIO + M14-COR,5,4800.0,0.13117261566017582,0.2117865756320331,0.4327607668835204,0.33266666666666667,0.0006666666666666666,1
M02-MAR + M03-COR + M07-GUA + M13-COR + M14-COR,5,5000.0,0.13572461465617244,0.21236140266247655,0.4138562431646108,0.2886666666666667,0.001,1
M01-RIO + M01-MAR + M03-COR + M05-MAR + M14-COR,5,5000.0,0.1264764382186979,0.21246260253409172,0.3548241997442665,0.36933333333333335,0.004333333333333333,1
M03-COR + M05-GUA + M05-MAR + M07-RIO + M14-COR,5,4900.0,0.11831389732287509,0.21306074456471336,0.404728344229958,0.44766666666666666,0.012666666666666666,1
M01-RIO + M03-COR + M05-GUA + M07-GUA + M08-MAR,5,5000.0,0.1398443180506469,0.21317070308177066,0.3973934452468588,0.24833333333333332,0.0003333333333333333,0
M03-COR + M05-RIO + M05-MAR + M07-RIO + M14-COR,5,4900.0,0.11871256362186873,0.21354239319816004,0.42005034998325863,0.43766666666666665,0.017333333333333333,1
M01-RIO + M02-GUA + M03-COR + M07-RIO + M14-COR,5,5000.0,0.12960767559511566,0.21477501863076665,0.4149952258798444,0.3556666666666667,0.0006666666666666666,0
M01-RIO + M03-COR + M05-MAR + M07-MAR + M08-GUA,5,5000.0,0.14060476456700524,0.21556391762231322,0.4159245328390235,0.24566666666666667,0.0006666666666666666,2
M01-RIO + M07-RIO + M07-MAR + M13-COR + M14-COR,5,5000.0,0.1416358328522161,0.21604273667384224,0.37147397499733714,0.23833333333333334,0.0003333333333333333,1
M01-RIO + M03-COR + M05-MAR + M07-GUA + M08-MAR,5,5000.0,0.14059331583242343,0.21661963050700148,0.42010722784903953,0.245,0.0003333333333333333,1
M01-RIO + M07-RIO + M07-GUA + M13-COR + M14-COR,5,5000.0,0.14224391643388953,0.21680576030808998,0.4383168683455129,0.22766666666666666,0.001,0
M01-RIO + M02-RIO + M03-COR + M08-MAR + M14-COR,5,4800.0,0.13761453776090551,0.2175168238323748,0.41518012002138444,0.2876666666666667,0.0003333333333333333,0
M02-MAR + M03-COR + M07-RIO + M13-COR + M14-COR,5,5000.0,0.13543688498449255,0.21762271324834298,0.3884815913005762,0.29933333333333334,0.0016666666666666668,1
M01-RIO + M01-GUA + M03-COR + M05-RIO + M14-COR,5,5000.0,0.1307955117388899,0.21767156578724756,0.4079835302074044,0.35233333333333333,0.004666666666666667,0
M03-COR + M05-GUA + M07-MAR + M13-COR + M14-COR,5,4800.0,0.13803591238604035,0.21829136566090546,0.4046858216893254,0.2856666666666667,0.0003333333333333333,1
M03-COR + M05-RIO + M07-MAR + M13-COR + M14-COR,5,4800.0,0.138434578685034,0.21831932520837685,0.4177983726799388,0.2896666666666667,0.001,1
M01-RIO + M03-COR + M05-GUA + M07-RIO + M08-MAR,5,5000.0,0.139556588378967,0.21885428620135258,0.3875201838040007,0.2713333333333333,0.0023333333333333335,0
M03-COR + M05-GUA + M07-RIO + M07-GUA + M07-MAR,5,5000.0,0.13161008708208272,0.21891127866940413,0.4018448573947952,0.341,0.008333333333333333,1
M03-COR + M05-RIO + M07-RIO + M07-GUA + M07-MAR,5,5000.0,0.13200875338107637,0.21908600691323196,0.4259904321949651,0.347,0.007,1
M01-RIO + M03-COR + M05-GUA + M07-RIO + M08-GUA,5,5000.0,0.14017612069522226,0.21929663357179977,0.38728235692324636,0.262,0.0013333333333333333,0
M01-RIO + M03-COR + M05-RIO + M07-RIO + M08-GUA,5,5000.0,0.1405747869942159,0.21936002857203427,0.39154069990381823,0.2623333333333333,0.001,0
M01-RIO + M01-GUA + M03-COR + M05-GUA + M14-COR,5,5000.0,0.13039684543989624,0.2196874937199595,0.3871603500457763,0.3476666666666667,0.007,0
M01-RIO + M01-GUA + M03-COR + M05-MAR + M14-COR,5,5000.0,0.13114584322167275,0.21988164165506066,0.3943625147637902,0.34833333333333333,0.005,1
M01-RIO + M03-COR + M05-RIO + M07-RIO + M08-MAR,5,5000.0,0.13995525467796063,0.2211818444138919,0.37982285901853924,0.273,0.0023333333333333335,0
M01-RIO + M03-COR + M05-MAR + M07-RIO + M08-MAR,5,5000.0,0.1403055861607435,0.22129420649516146,0.4478214080228969,0.26866666666666666,0.0023333333333333335,1
M01-RIO + M03-COR + M05-MAR + M07-RIO + M08-GUA,5,5000.0,0.14092511847699876,0.2214478361795299,0.47058954114030965,0.26766666666666666,0.0013333333333333333,1
M03-COR + M05-GUA + M07-GUA + M13-COR + M14-COR,5,4800.0,0.1386439959677138,0.22178112072096062,0.39454948517925464,0.27566666666666667,0.001,0
M03-COR + M05-MAR + M07-GUA + M13-COR + M14-COR,5,4800.0,0.1393929937494903,0.221829145858538,0.363013087586337,0.2796666666666667,0.0003333333333333333,1
M03-COR + M05-MAR + M07-RIO + M07-GUA + M07-MAR,5,5000.0,0.13235908486385922,0.22261246931693704,0.4055711883897013,0.35,0.005666666666666667,2
M01-RIO + M02-RIO + M03-COR + M08-GUA + M08-MAR,5,5000.0,0.14736704057772848,0.22305211068387448,0.4312287661347286,0.21866666666666668,0.0013333333333333333,0
M02-RIO + M03-COR + M07-GUA + M07-MAR + M08-GUA,5,5000.0,0.1394205392808442,0.2231026966713488,0.4285620903726601,0.2956666666666667,0.0023333333333333335,1
M03-COR + M05-RIO + M07-RIO + M13-COR + M14-COR,5,4800.0,0.13875493259502752,0.22361101629279362,0.3880692099077393,0.3006666666666667,0.0016666666666666668,0
M01-MAR + M03-COR + M05-MAR + M13-COR + M14-COR,5,5000.0,0.13440908663633247,0.22362584630042845,0.4030064538585776,0.332,0.0033333333333333335,1
M01-MAR + M03-COR + M05-RIO + M13-COR + M14-COR,5,5000.0,0.13405875515354962,0.22411334424621193,0.3570850762374136,0.332,0.004,0
M03-COR + M05-MAR + M07-RIO + M08-MAR + M13-COR,5,5000.0,0.14823823457837812,0.22423225562889262,0.4039965500476936,0.20966666666666667,0.0003333333333333333,1
M02-GUA + M03-COR + M07-GUA + M13-COR + M14-COR,5,5000.0,0.13782805368443016,0.22472426676936044,0.413545109075977,0.30566666666666664,0.003,0
M02-GUA + M03-COR + M07-MAR + M13-COR + M14-COR,5,5000.0,0.13721997010275672,0.22487856297164938,0.42525781936520435,0.299,0.004,1
M01-MAR + M03-COR + M05-GUA + M13-COR + M14-COR,5,5000.0,0.13366008885455596,0.2251661343095116,0.3757900956617488,0.3396666666666667,0.007333333333333333,0
M03-COR + M05-GUA + M07-RIO + M13-COR + M14-COR,5,4800.0,0.13835626629603387,0.22535718819750092,0.40505551681534524,0.297,0.001,0
M03-COR + M05-RIO + M07-RIO + M08-MAR + M13-COR,5,5000.0,0.1478879030955952,0.22578721800587068,0.3768679543045331,0.20866666666666667,0.0006666666666666666,0
M03-COR + M05-MAR + M07-RIO + M13-COR + M14-COR,5,4800.0,0.1391052640778104,0.22664626744400088,0.415499561563376,0.302,0.0003333333333333333,1
M03-COR + M07-RIO + M07-MAR + M08-GUA + M08-MAR + M14-COR,6,4900.0,0.11371927222780602,0.22709034941007322,0.42610203469889035,0.492,0.05533333333333333,1
M03-COR + M05-MAR + M07-RIO + M08-GUA + M13-COR,5,5000.0,0.14885776689463337,0.22759522915857033,0.38722263495740683,0.20466666666666666,0.0003333333333333333,1
M02-RIO + M03-COR + M07-GUA + M07-MAR + M08-MAR,5,5000.0,0.13880100696458894,0.22822777706840464,0.41933573864544527,0.30566666666666664,0.002,1
M03-COR + M07-RIO + M07-GUA + M08-GUA + M08-MAR + M14-COR,6,4900.0,0.11432735580947948,0.22925333318711208,0.47217198241607605,0.49033333333333334,0.053,0
M02-GUA + M03-COR + M07-RIO + M13-COR + M14-COR,5,5000.0,0.13754032401275024,0.2304968631222153,0.3952529231615776,0.32066666666666666,0.002,0
M01-RIO + M03-COR + M05-RIO + M07-GUA + M08-GUA,5,5000.0,0.14086251666589583,0.23061697254714766,0.4524929720442498,0.304,0.005333333333333333,0
M02-RIO + M03-COR + M07-RIO + M07-MAR + M08-MAR,5,5000.0,0.13851327729290905,0.2313842618156032,0.42530076799496547,0.31533333333333335,0.008666666666666666,1
M02-RIO + M03-COR + M07-RIO + M07-GUA + M08-GUA,5,5000.0,0.13974089319083774,0.23157834153481,0.46165311168407996,0.30366666666666664,0.0036666666666666666,0
M01-GUA + M03-COR + M05-RIO + M13-COR + M14-COR,5,5000.0,0.13872816015652448,0.23246545354909565,0.4231070711746088,0.31166666666666665,0.0033333333333333335,0
M01-MAR + M02-MAR + M03-COR + M07-GUA + M14-COR,5,5000.0,0.1533961404950096,0.23270101123914022,0.49564702717811215,0.183,0.001,1
M01-GUA + M03-COR + M05-MAR + M13-COR + M14-COR,5,5000.0,0.13907849163930736,0.23302262305933905,0.3896837268339527,0.31833333333333336,0.006,1
M01-RIO + M03-COR + M05-RIO + M07-MAR + M08-MAR,5,5000.0,0.1396349007679671,0.23390516092412034,0.454290577619933,0.31766666666666665,0.010333333333333333,1
M01-GUA + M03-COR + M05-GUA + M13-COR + M14-COR,5,5000.0,0.13832949385753082,0.2349285340479397,0.38351218049792063,0.316,0.005666666666666667,0
M01-RIO + M03-COR + M05-GUA + M07-GUA + M08-GUA,5,5000.0,0.14046385036690215,0.23501673093201006,0.41045985566319015,0.309,0.007,0
M01-RIO + M03-COR + M05-MAR + M07-GUA + M08-GUA,5,5000.0,0.14121284814867868,0.23502428626183447,0.4670664330512161,0.30366666666666664,0.008333333333333333,1
M01-MAR + M02-MAR + M03-COR + M07-MAR + M14-COR,5,5000.0,0.15278805691333616,0.23542010690027018,0.42458340804020256,0.18733333333333332,0.001,2
M01-RIO + M03-COR + M07-RIO + M13-COR + M14-COR,5,4700.0,0.1512149846333346,0.23561535216767548,0.4086508799290685,0.23266666666666666,0.0003333333333333333,0
M01-RIO + M03-COR + M05-MAR + M07-MAR + M08-MAR,5,5000.0,0.13998523225075,0.23587052903371605,0.43174990763036464,0.31366666666666665,0.008333333333333333,2
M01-RIO + M03-COR + M05-GUA + M07-MAR + M08-MAR,5,5000.0,0.13923623446897346,0.23600316361918788,0.4254157657812813,0.31466666666666665,0.006,1
M01-MAR + M03-COR + M05-RIO + M07-RIO + M14-COR,5,4800.0,0.15642645843386468,0.23649221204250165,0.3605569539594031,0.173,0.0003333333333333333,0
M01-MAR + M03-COR + M05-GUA + M07-RIO + M14-COR,5,4800.0,0.15602779213487103,0.23714404835875955,0.372352294998925,0.17733333333333334,0.0006666666666666666,0
M05-GUA + M05-MAR + M07-MAR + M08-GUA + M14-COR,5,5000.0,0.1475685066145321,0.238442217135257,0.42300765623551306,0.271,0.0003333333333333333,2
M05-RIO + M05-GUA + M07-MAR + M08-GUA + M14-COR,5,5000.0,0.14721817513174926,0.2388626311655893,0.4328563504122612,0.269,0.0003333333333333333,1
M05-RIO + M05-MAR + M07-GUA + M08-MAR + M14-COR,5,5000.0,0.14795572417894398,0.23948030157172825,0.4302074856954157,0.267,0.0003333333333333333,1
M03-COR + M07-GUA + M07-MAR + M08-GUA + M08-MAR + M14-COR,6,4900.0,0.11400700189948593,0.2395757796921767,0.44391678432252973,0.4876666666666667,0.094,1
M01-MAR + M02-MAR + M03-COR + M07-RIO + M14-COR,5,5000.0,0.15310841082332968,0.23967972283702854,0.3993847040411034,0.214,0.003,1
M03-COR + M05-RIO + M07-GUA + M08-GUA + M13-COR,5,5000.0,0.1487951650835304,0.23974428858576133,0.4572605484311683,0.261,0.0023333333333333335,0
M03-COR + M05-GUA + M07-GUA + M08-GUA + M13-COR,5,5000.0,0.14839649878453676,0.24040263560126232,0.4078172838244642,0.264,0.0013333333333333333,0
M03-COR + M05-RIO + M07-MAR + M08-MAR + M13-COR,5,5000.0,0.1475675491856017,0.24056840136298333,0.42781099710375714,0.2643333333333333,0.0016666666666666668,1
M03-COR + M05-MAR + M07-MAR + M08-MAR + M13-COR,5,5000.0,0.14791788066838457,0.24121626715588015,0.4299593477029975,0.25833333333333336,0.0023333333333333335,2
M03-COR + M05-MAR + M07-GUA + M08-GUA + M13-COR,5,5000.0,0.14914549656631326,0.24139376155848072,0.4253791065864056,0.25666666666666665,0.0016666666666666668,1
M03-COR + M05-GUA + M07-MAR + M08-MAR + M13-COR,5,5000.0,0.14716888288660804,0.24177466722329422,0.4637057893271722,0.273,0.0016666666666666668,1
M05-GUA + M07-RIO + M07-GUA + M07-MAR + M14-COR,5,4900.0,0.15143254746691032,0.24183783554700064,0.4482051829223496,0.24766666666666667,0.0016666666666666668,1
M05-RIO + M05-MAR + M07-RIO + M08-GUA + M14-COR,5,5000.0,0.1482875268235193,0.24247658804189912,0.46082300751301014,0.26966666666666667,0.002,1
M05-GUA + M05-MAR + M07-RIO + M08-MAR + M14-COR,5,5000.0,0.1472693282082704,0.24389072134135245,0.45253669149342995,0.281,0.0006666666666666666,1
M05-GUA + M05-MAR + M07-RIO + M08-GUA + M14-COR,5,5000.0,0.14788886052452566,0.24423155847256384,0.41788965310487824,0.2816666666666667,0.0026666666666666666,1
M01-MAR + M03-COR + M05-GUA + M07-RIO + M08-GUA,5,5000.0,0.165780294951694,0.2442946377257258,0.4035218765662581,0.133,0.0003333333333333333,0
M01-MAR + M03-COR + M05-GUA + M07-RIO + M08-MAR,5,5000.0,0.16516076263543872,0.2444139746702273,0.3896407040339075,0.13633333333333333,0.0003333333333333333,0
M01-MAR + M03-COR + M05-RIO + M07-RIO + M08-GUA,5,5000.0,0.16617896125068765,0.2449912823256756,0.4226295442059569,0.132,0.0003333333333333333,0
M05-RIO + M05-GUA + M07-RIO + M08-GUA + M14-COR,5,5000.0,0.14753852904174278,0.24528182003610693,0.4530036816989179,0.2793333333333333,0.0016666666666666668,0
M01-RIO + M01-MAR + M03-COR + M13-COR + M14-COR,5,4900.0,0.1465188071918567,0.24532442371464952,0.4542301685537682,0.299,0.003,0
M05-RIO + M05-GUA + M07-RIO + M08-MAR + M14-COR,5,5000.0,0.14691899672548756,0.24565721389884682,0.4686088234923637,0.2816666666666667,0.0026666666666666666,0
M05-RIO + M07-RIO + M07-GUA + M07-MAR + M14-COR,5,4900.0,0.151831213765904,0.24591244295526707,0.4723507577225196,0.24366666666666667,0.0023333333333333335,1
M05-MAR + M07-RIO + M07-GUA + M07-MAR + M14-COR,5,4900.0,0.15218154524868685,0.24613221669025906,0.4186076750426971,0.24833333333333332,0.0016666666666666668,2
M01-GUA + M01-MAR + M03-COR + M05-MAR + M14-COR,5,5000.0,0.1567500174781445,0.24617775031491976,0.3789370199582615,0.214,0.0006666666666666666,1
M01-GUA + M01-MAR + M03-COR + M05-GUA + M14-COR,5,5000.0,0.15600101969636795,0.24634888515143546,0.39198681059036,0.21333333333333335,0.0013333333333333333,0
M05-RIO + M05-MAR + M07-RIO + M08-MAR + M14-COR,5,5000.0,0.14766799450726406,0.24724430999362473,0.4508459235811416,0.28833333333333333,0.0016666666666666668,1
M01-GUA + M01-MAR + M03-COR + M05-RIO + M14-COR,5,5000.0,0.15639968599536164,0.24766049668074308,0.4315817012670481,0.20733333333333334,0.0006666666666666666,0
M03-COR + M05-GUA + M05-MAR + M08-GUA + M08-MAR,5,4900.0,0.16628062889621834,0.24822775642010575,0.4476463088067048,0.144,0.0003333333333333333,1
M02-RIO + M07-GUA + M07-MAR + M08-MAR + M14-COR,5,4900.0,0.15862346734941657,0.24852162679027595,0.4532982964940266,0.183,0.0013333333333333333,1
M01-RIO + M05-RIO + M07-GUA + M08-GUA + M14-COR,5,4900.0,0.16068497705072343,0.24891392472219215,0.45788408798906133,0.19,0.0003333333333333333,0
M01-RIO + M03-COR + M07-GUA + M08-GUA + M13-COR,5,4900.0,0.1612552171218375,0.2490768697655623,0.47148202113186943,0.18633333333333332,0.0003333333333333333,0
M05-RIO + M07-RIO + M08-MAR + M13-COR + M14-COR,5,4900.0,0.16771036348042287,0.24915322160287762,0.4387729817343322,0.13766666666666666,0.0006666666666666666,0
M05-GUA + M07-RIO + M08-GUA + M13-COR + M14-COR,5,4900.0,0.16793122949768446,0.24965579274335695,0.44581836986808054,0.12866666666666668,0.0003333333333333333,0
M05-RIO + M07-RIO + M08-GUA + M13-COR + M14-COR,5,4900.0,0.1683298957966781,0.24975353827934169,0.45395194339550216,0.125,0.0003333333333333333,0
M02-MAR + M03-COR + M07-GUA + M07-MAR + M08-GUA,5,5000.0,0.16752446684331695,0.24982632412603595,0.44183526061830375,0.13466666666666666,0.0006666666666666666,2
M01-RIO + M03-COR + M07-MAR + M08-MAR + M13-COR,5,4900.0,0.1600276012239088,0.2503402123552015,0.39981120247572216,0.197,0.0003333333333333333,1
M02-RIO + M07-RIO + M07-GUA + M08-GUA + M14-COR,5,4900.0,0.15956335357566537,0.2510530041880524,0.4989881125744224,0.20066666666666666,0.0006666666666666666,0
M01-GUA + M03-COR + M05-RIO + M07-GUA + M08-MAR,5,5000.0,0.17051656360908715,0.25135058758721424,0.45620114666851025,0.117,0.0003333333333333333,0
M01-GUA + M03-COR + M05-MAR + M07-RIO + M14-COR,5,4800.0,0.1614461949196224,0.2513750439401012,0.4636425759615738,0.18166666666666667,0.0003333333333333333,1
M01-RIO + M01-GUA + M03-COR + M13-COR + M14-COR,5,4900.0,0.15118821219483156,0.2523379738610668,0.4123809914369491,0.269,0.004,0
M01-RIO + M05-MAR + M07-GUA + M08-GUA + M14-COR,5,4900.0,0.1610353085335063,0.2532394302961237,0.48595904438763204,0.20333333333333334,0.0006666666666666666,1
M01-RIO + M05-RIO + M07-MAR + M08-MAR + M14-COR,5,4900.0,0.15945736115279474,0.2540802384356467,0.4618369266835727,0.205,0.0006666666666666666,1
M02-MAR + M03-COR + M07-RIO + M07-GUA + M08-GUA,5,5000.0,0.16784482075331048,0.2542503148881626,0.47174590174956293,0.15366666666666667,0.0006666666666666666,1
M01-RIO + M05-GUA + M07-MAR + M08-MAR + M14-COR,5,4900.0,0.15905869485380109,0.25472944549354065,0.4864348095029641,0.211,0.0003333333333333333,1
M05-RIO + M05-MAR + M07-GUA + M08-GUA + M14-COR,5,5000.0,0.14857525649519923,0.2547383708113617,0.4673067063174207,0.299,0.009666666666666667,1
M05-RIO + M05-GUA + M07-GUA + M08-GUA + M14-COR,5,5000.0,0.1478262587134227,0.2550112897049618,0.47081843132255735,0.30333333333333334,0.009666666666666667,0
M02-MAR + M03-COR + M07-RIO + M07-MAR + M08-MAR,5,5000.0,0.16661720485538178,0.25667664693617875,0.43282820885824946,0.156,0.0013333333333333333,2
M05-GUA + M05-MAR + M07-GUA + M08-GUA + M14-COR,5,5000.0,0.14817659019620555,0.2569954562263566,0.4792171952596264,0.31333333333333335,0.009666666666666667,1
M05-RIO + M05-MAR + M07-MAR + M08-MAR + M14-COR,5,5000.0,0.1473476405972705,0.25699934472445485,0.4743621529785836,0.322,0.010666666666666666,2
M01-GUA + M03-COR + M05-RIO + M07-RIO + M08-MAR,5,5000.0,0.17022883393740723,0.2580078698573672,0.43331847906969606,0.13866666666666666,0.0006666666666666666,0
M01-MAR + M03-COR + M05-GUA + M07-MAR + M08-MAR,5,5000.0,0.1648404087254452,0.2581271860228931,0.47753815210277645,0.19833333333333333,0.0003333333333333333,1
M05-GUA + M05-MAR + M07-MAR + M08-MAR + M14-COR,5,5000.0,0.14694897429827689,0.2581859703346837,0.47703731123553844,0.323,0.011,2
M05-RIO + M05-GUA + M07-MAR + M08-MAR + M14-COR,5,5000.0,0.146598642815494,0.258796413500751,0.5321567581917768,0.327,0.008333333333333333,1
M01-MAR + M03-COR + M05-MAR + M07-GUA + M08-GUA,5,5000.0,0.16681702240515042,0.25929459953460277,0.4294313226906514,0.178,0.0013333333333333333,1
M01-RIO + M01-MAR + M03-COR + M07-RIO + M08-GUA,5,4900.0,0.17863901328899473,0.25944555057697277,0.45701048200836203,0.095,0.0003333333333333333,0
M01-RIO + M01-MAR + M08-MAR + M13-COR + M14-COR,5,5000.0,0.17547423807725201,0.2602610460665374,0.41854977954803546,0.11333333333333333,0.0003333333333333333,0
M01-MAR + M03-COR + M05-GUA + M07-GUA + M08-GUA,5,5000.0,0.1660680246233739,0.26027309318841796,0.462357217901908,0.17466666666666666,0.0013333333333333333,0
M01-MAR + M03-COR + M05-RIO + M07-MAR + M08-MAR,5,5000.0,0.16523907502443885,0.2607490939693721,0.4860462176257787,0.18666666666666668,0.001,1
M01-MAR + M03-COR + M05-MAR + M07-MAR + M08-MAR,5,5000.0,0.1655894065072217,0.2614425987216184,0.5009473286160372,0.187,0.0016666666666666668,2
M01-RIO + M01-GUA + M08-GUA + M13-COR + M14-COR,5,5000.0,0.18076317539648212,0.2634254311198706,0.4304798472228376,0.09366666666666666,0.0003333333333333333,0
M05-RIO + M07-GUA + M08-GUA + M13-COR + M14-COR,5,4900.0,0.16861762546835804,0.26390416522878524,0.4920291402699132,0.177,0.001,0
M05-MAR + M07-MAR + M08-MAR + M13-COR + M14-COR,5,4900.0,0.16774034105321217,0.2644036507895576,0.5071360089015374,0.181,0.001,2
M05-GUA + M07-GUA + M08-GUA + M13-COR + M14-COR,5,4900.0,0.16821895916936436,0.26444777512958473,0.44762111821897166,0.18066666666666667,0.0013333333333333333,0
M01-MAR + M03-COR + M07-RIO + M08-MAR + M13-COR,5,4900.0,0.185952129390374,0.2650642329490017,0.4357438319311663,0.06,0.0003333333333333333,0
M05-RIO + M07-MAR + M08-MAR + M13-COR + M14-COR,5,4900.0,0.16739000957042932,0.2655941701324103,0.4734045090950609,0.185,0.0013333333333333333,1
M05-MAR + M07-GUA + M08-GUA + M13-COR + M14-COR,5,4900.0,0.1689679569511409,0.2664818934038976,0.446489893037798,0.16733333333333333,0.001,1
M05-GUA + M07-MAR + M08-MAR + M13-COR + M14-COR,5,4900.0,0.16699134327143567,0.26731406525540957,0.5247248330488551,0.18733333333333332,0.0013333333333333333,1
M03-COR + M05-RIO + M07-RIO + M07-GUA + M08-GUA,5,4800.0,0.17116286836384548,0.26743171710779995,0.5001866165043374,0.16866666666666666,0.0013333333333333333,0
M02-GUA + M03-COR + M07-GUA + M07-MAR + M08-MAR,5,5000.0,0.1690083735553194,0.26790518037907923,0.4775217409164247,0.173,0.001,1
M01-GUA + M03-COR + M05-RIO + M07-GUA + M08-GUA,5,5000.0,0.1711360959253424,0.2680169940597202,0.49844804145061294,0.175,0.0023333333333333335,0
M01-GUA + M03-COR + M05-RIO + M07-MAR + M08-MAR,5,5000.0,0.1699084800274137,0.2682042595525927,0.5102216260810548,0.193,0.0016666666666666668,1
M02-GUA + M03-COR + M07-GUA + M07-MAR + M08-GUA,5,5000.0,0.16962790587157467,0.2683570858248216,0.45506715649544804,0.166,0.0016666666666666668,1
M01-RIO + M01-GUA + M01-MAR + M03-COR + M14-COR,5,4900.0,0.1688597380336687,0.2686725024625316,0.48216070537085204,0.18433333333333332,0.0023333333333333335,0
M03-COR + M05-GUA + M07-RIO + M07-MAR + M08-MAR,5,4800.0,0.1695365861669231,0.2686872062131993,0.5018040854735095,0.17766666666666667,0.0003333333333333333,1
M03-COR + M05-RIO + M07-RIO + M07-MAR + M08-MAR,5,4800.0,0.16993525246591676,0.26973697167063615,0.4533665682030351,0.18733333333333332,0.0003333333333333333,1
M03-COR + M05-MAR + M07-RIO + M07-MAR + M08-MAR,5,4800.0,0.1702855839486996,0.26996774534374196,0.4979296417630056,0.181,0.0003333333333333333,2
M03-COR + M05-GUA + M07-RIO + M07-GUA + M08-GUA,5,4800.0,0.17076420206485182,0.27035829730452815,0.47604104170416744,0.17833333333333334,0.0006666666666666666,0
M02-GUA + M03-COR + M07-RIO + M07-GUA + M08-GUA,5,5000.0,0.1699482597815682,0.27073462616976485,0.5064849872303058,0.178,0.0023333333333333335,0
M03-COR + M05-MAR + M07-RIO + M07-GUA + M08-GUA,5,4800.0,0.17151319984662836,0.2712256501084371,0.49381951087883186,0.16966666666666666,0.0006666666666666666,1
M01-RIO + M07-MAR + M08-MAR + M13-COR + M14-COR,5,4800.0,0.17985006160873643,0.27132187218849463,0.43377376032430354,0.10533333333333333,0.0003333333333333333,1
M01-GUA + M03-COR + M05-GUA + M07-GUA + M08-GUA,5,5000.0,0.17073742962634877,0.27145619478510086,0.47600599584025466,0.178,0.0023333333333333335,0
M01-GUA + M03-COR + M05-GUA + M07-MAR + M08-MAR,5,5000.0,0.16950981372842006,0.27163756826302426,0.4948368818028535,0.17966666666666667,0.0013333333333333333,1
M01-GUA + M03-COR + M05-MAR + M07-GUA + M08-GUA,5,5000.0,0.17148642740812525,0.27169176589395055,0.4805360205514364,0.17533333333333334,0.0023333333333333335,1
M07-RIO + M07-GUA + M07-MAR + M08-MAR + M13-COR,5,5000.0,0.18135688472241335,0.27183665856543504,0.4505972029907657,0.09566666666666666,0.0003333333333333333,1
M01-RIO + M07-GUA + M08-GUA + M13-COR + M14-COR,5,4800.0,0.1810776775066651,0.272166117293852,0.4568233248513921,0.11266666666666666,0.0003333333333333333,0
M01-RIO + M01-MAR + M03-COR + M07-MAR + M08-MAR,5,4900.0,0.17769912706274593,0.27252796326915524,0.43730344827032663,0.14333333333333334,0.0003333333333333333,1
M01-RIO + M01-MAR + M03-COR + M07-GUA + M08-GUA,5,4900.0,0.17892674296067465,0.2725775699872,0.5532728051453708,0.14033333333333334,0.0013333333333333333,0
M01-GUA + M02-GUA + M03-COR + M07-GUA + M14-COR,5,5000.0,0.16016898452624218,0.273276669027798,0.44209432060919146,0.259,0.007666666666666666,0
M01-GUA + M03-COR + M05-MAR + M07-MAR + M08-MAR,5,5000.0,0.1702588115101966,0.2737008230071903,0.49882730072057174,0.18333333333333332,0.0026666666666666666,2
M01-GUA + M02-GUA + M03-COR + M07-MAR + M14-COR,5,5000.0,0.15956090094456873,0.27375469136159736,0.499816989559216,0.26266666666666666,0.009333333333333334,1
M02-GUA + M03-COR + M07-RIO + M07-MAR + M08-MAR,5,5000.0,0.1687206438836395,0.2754925231048178,0.4958585432233224,0.18233333333333332,0.0016666666666666668,1
M01-GUA + M02-GUA + M03-COR + M07-RIO + M14-COR,5,5000.0,0.15988125485456225,0.27585147233998375,0.45988790716959116,0.272,0.011,0
M01-RIO + M01-GUA + M03-COR + M07-MAR + M08-MAR,5,4900.0,0.18236853206572082,0.2781825281444269,0.47919088689023565,0.128,0.0016666666666666668,1
M01-MAR + M05-GUA + M07-MAR + M08-MAR + M14-COR,5,4900.0,0.18466286911027283,0.2787754266032679,0.4849320842987234,0.1,0.0003333333333333333,1
M01-RIO + M01-GUA + M03-COR + M07-GUA + M08-GUA,5,4900.0,0.1835961479636495,0.28012280598787526,0.4994125579489533,0.12866666666666668,0.001,0
M01-GUA + M01-MAR + M03-COR + M13-COR + M14-COR,5,4900.0,0.1767923864513033,0.28442975747448235,0.450317758430207,0.168,0.0003333333333333333,0
M01-GUA + M05-GUA + M07-MAR + M08-MAR + M14-COR,5,4900.0,0.18933227411324766,0.2879521236791697,0.492363280985037,0.09333333333333334,0.0003333333333333333,1
M01-GUA + M03-COR + M07-GUA + M08-GUA + M13-COR,5,4900.0,0.19152879638128406,0.2884139145263705,0.4775426665042322,0.09966666666666667,0.0003333333333333333,0
M02-RIO + M02-MAR + M03-COR + M05-GUA,4,5000.0,0.1782732843674358,0.2887838487072153,0.5072131100596257,0.185,0.0006666666666666666,1
M03-COR + M07-RIO + M08-GUA + M10-RIO + M14-COR,5,4900.0,0.20902972006968018,0.29174289030212114,0.4775310754205324,0.03266666666666666,0.0003333333333333333,0
M02-RIO + M02-MAR + M03-COR + M05-RIO,4,5000.0,0.17867195066642944,0.2934853700759013,0.4841200140637802,0.19,0.0006666666666666666,1
M02-RIO + M02-MAR + M03-COR + M05-MAR,4,5000.0,0.17902228214921231,0.2935075503606625,0.5095466062168987,0.186,0.004,2
M05-GUA + M07-RIO + M07-GUA + M08-GUA + M14-COR,5,4700.0,0.19058666244967942,0.2935673830364159,0.5224013672317219,0.10633333333333334,0.0003333333333333333,0
M05-GUA + M07-RIO + M07-MAR + M08-MAR + M14-COR,5,4700.0,0.18935904655175073,0.2953730816076838,0.5600497490472958,0.108,0.0003333333333333333,1
M01-GUA + M01-MAR + M03-COR + M07-RIO + M08-MAR,5,4900.0,0.20829306023218605,0.29557594378399654,0.493539073412265,0.04633333333333333,0.0006666666666666666,0
M01-RIO + M01-MAR + M07-GUA + M08-GUA + M08-MAR,5,5000.0,0.20788217384606997,0.29594709786293943,0.5175924161396381,0.04833333333333333,0.0003333333333333333,0
M01-RIO + M01-MAR + M07-MAR + M08-GUA + M08-MAR,5,5000.0,0.20727409026439653,0.296579332193534,0.45928692564441526,0.051333333333333335,0.0003333333333333333,1
M02-RIO + M05-MAR + M07-GUA + M13-COR,4,5000.0,0.1937619620162439,0.29790364256516194,0.4734023465268554,0.12733333333333333,0.0003333333333333333,1
M01-RIO + M02-RIO + M02-MAR + M03-COR,4,4900.0,0.19113200270473654,0.29839842221342877,0.5032106126080093,0.122,0.001,1
M02-RIO + M03-COR + M05-RIO + M05-MAR,4,4800.0,0.18234032975974734,0.29895199956276364,0.4606420293461762,0.178,0.0006666666666666666,1
M02-RIO + M03-COR + M05-GUA + M05-MAR,4,4800.0,0.18194166346075363,0.299010657813451,0.48602383436873886,0.17466666666666666,0.001,1
M02-RIO + M02-GUA + M03-COR + M05-GUA,4,5000.0,0.1803767233956935,0.2998233276841437,0.5205847058602048,0.20166666666666666,0.013,0
M02-RIO + M03-COR + M05-RIO + M05-GUA,4,4800.0,0.18159133197797078,0.29990540517450587,0.4888627143900097,0.17566666666666667,0.001,0
M02-RIO + M02-GUA + M03-COR + M05-RIO,4,5000.0,0.18077538969468715,0.30048008682544086,0.5036040355160447,0.20033333333333334,0.006,0
M01-MAR + M07-MAR + M08-MAR + M13-COR + M14-COR,5,4800.0,0.20545423586520814,0.3015143331882379,0.44724611481862137,0.04766666666666667,0.0003333333333333333,1
M02-RIO + M05-MAR + M07-MAR + M13-COR,4,5000.0,0.19315387843457046,0.3019408370342011,0.4689049481399047,0.134,0.0003333333333333333,2
M02-RIO + M05-GUA + M07-GUA + M13-COR,4,5000.0,0.19301296423446737,0.3024514832576853,0.4721208424423489,0.12733333333333333,0.0006666666666666666,0
M02-RIO + M05-GUA + M07-MAR + M13-COR,4,5000.0,0.19240488065279393,0.3024926802650373,0.5039875488540562,0.13966666666666666,0.0003333333333333333,1
M02-RIO + M05-RIO + M07-MAR + M13-COR,4,5000.0,0.19280354695178759,0.3031338147476599,0.4695908298950774,0.144,0.0003333333333333333,1
M01-RIO + M02-RIO + M05-GUA + M07-MAR,4,5000.0,0.18447223223515932,0.3039203039810212,0.5003931249272254,0.199,0.003,1
M05-RIO + M07-RIO + M07-MAR + M08-GUA + M08-MAR,5,4900.0,0.19951021566756735,0.30399050765947,0.5340358075860768,0.091,0.0003333333333333333,1
M02-RIO + M05-MAR + M07-RIO + M13-COR,4,5000.0,0.19347423234456398,0.3046397984841831,0.5482113059683927,0.13533333333333333,0.0006666666666666666,1
M01-RIO + M05-RIO + M05-GUA + M13-COR,4,5000.0,0.19384685803784554,0.3046514880832475,0.491018357871214,0.128,0.0003333333333333333,0
M02-RIO + M05-RIO + M07-RIO + M13-COR,4,5000.0,0.19312390086178113,0.30513262667171487,0.4867849315123139,0.13733333333333334,0.0003333333333333333,0
M01-RIO + M05-GUA + M05-MAR + M13-COR,4,5000.0,0.1941971895206284,0.3051888345554503,0.46828926943079124,0.12466666666666666,0.0003333333333333333,1
M03-COR + M05-GUA + M06-GUA + M08-GUA + M14-COR,5,5000.0,0.20110462192077003,0.3056819482463067,0.471703612488123,0.106,0.001,0
M01-RIO + M02-RIO + M05-GUA + M07-GUA,4,5000.0,0.18508031581683282,0.3057720765144762,0.4996936547201493,0.18233333333333332,0.0023333333333333335,0
M02-RIO + M02-GUA + M03-COR + M05-MAR,4,5000.0,0.18112572117747003,0.30635249770030365,0.4900359318704211,0.202,0.010333333333333333,1
M01-RIO + M02-RIO + M05-MAR + M07-MAR,4,5000.0,0.18522123001693588,0.30640978540903624,0.5471521320432137,0.18766666666666668,0.003,2
M03-COR + M07-GUA + M08-GUA + M10-GUA + M14-COR,5,4900.0,0.20936052189750612,0.3064107739328348,0.5216333547368742,0.05433333333333333,0.0003333333333333333,0
M01-RIO + M02-RIO + M05-RIO + M07-GUA,4,5000.0,0.18547898211582647,0.3064675320881915,0.4933918835687806,0.175,0.004,0
M01-RIO + M02-RIO + M05-RIO + M07-MAR,4,5000.0,0.18487089853415303,0.30663052279419256,0.501639708643753,0.18733333333333332,0.0033333333333333335,1
M01-RIO + M05-RIO + M05-MAR + M13-COR,4,5000.0,0.1945958558196221,0.3066797105122388,0.4800536458723038,0.11833333333333333,0.001,1
M01-RIO + M02-RIO + M05-MAR + M07-GUA,4,5000.0,0.18582931359860932,0.307032344149439,0.5741029601706427,0.179,0.0026666666666666666,1
M03-COR + M07-GUA + M08-GUA + M10-MAR + M14-COR,5,4900.0,0.21081665097721006,0.3074765835512573,0.5687128496203399,0.054,0.0006666666666666666,1
M01-RIO + M02-RIO + M05-GUA + M07-RIO,4,5000.0,0.18479258614515287,0.3075122400815066,0.5404989347932384,0.19266666666666668,0.0033333333333333335,0
M01-RIO + M02-RIO + M02-GUA + M03-COR,4,4900.0,0.19323544173299426,0.3075173728204784,0.5236812289380385,0.133,0.0006666666666666666,0
M03-COR + M07-GUA + M08-GUA + M10-RIO + M14-COR,5,4900.0,0.2093174497413601,0.3077404773854878,0.528273193462432,0.05333333333333334,0.0003333333333333333,0
M03-COR + M05-GUA + M06-GUA + M08-MAR + M14-COR,5,5000.0,0.20048508960451478,0.30907042952363534,0.5112543250773222,0.098,0.0006666666666666666,0
M01-RIO + M02-RIO + M05-RIO + M07-RIO,4,5000.0,0.18519125244414655,0.30982762614824966,0.5144177281640088,0.188,0.006333333333333333,0
M02-RIO + M02-GUA + M05-RIO + M14-COR,4,4900.0,0.2005978500795148,0.3111792497996607,0.47323695305194674,0.117,0.0003333333333333333,0
M01-RIO + M02-RIO + M05-MAR + M07-RIO,4,5000.0,0.1855415839269294,0.3116896804752932,0.6018171403444998,0.19133333333333333,0.004,1
M02-RIO + M02-GUA + M05-GUA + M14-COR,4,4900.0,0.2001991837805211,0.3127288270308201,0.49907536493094423,0.12233333333333334,0.0006666666666666666,0
M05-MAR + M07-GUA + M07-MAR + M08-GUA + M08-MAR,5,4900.0,0.20014827682203012,0.31633293425985537,0.5278464414628452,0.11,0.0003333333333333333,2
M05-GUA + M07-GUA + M07-MAR + M08-GUA + M08-MAR,5,4900.0,0.19939927904025362,0.31671510829908694,0.5780794256987065,0.11033333333333334,0.0013333333333333333,1
M02-RIO + M02-GUA + M05-MAR + M14-COR,4,4900.0,0.20094818156229766,0.3176442528940174,0.4785876519514312,0.11466666666666667,0.0003333333333333333,1
M05-RIO + M07-GUA + M07-MAR + M08-GUA + M08-MAR,5,4900.0,0.19979794533924727,0.3182812490280691,0.5399860018931408,0.112,0.0003333333333333333,1
M01-GUA + M02-GUA + M03-COR + M08-GUA + M08-MAR,5,5000.0,0.2078479864279055,0.31878390189713873,0.5515650424627612,0.097,0.0003333333333333333,0
M02-RIO + M02-MAR + M07-RIO + M07-MAR,4,5000.0,0.21185320262156768,0.3221995234067502,0.5211734787032664,0.08766666666666667,0.0003333333333333333,2
M02-MAR + M03-COR + M05-GUA + M05-MAR,4,4800.0,0.21004559102322642,0.322353818353145,0.4992508635178752,0.077,0.0003333333333333333,2
M02-GUA + M02-MAR + M03-COR + M05-GUA,4,5000.0,0.20848065095816623,0.32462249476241756,0.521703450252742,0.10966666666666666,0.0006666666666666666,1
M02-MAR + M05-RIO + M07-MAR + M13-COR,4,5000.0,0.22090747451426035,0.3260977530100379,0.4928637742273472,0.05533333333333333,0.0003333333333333333,2
M02-GUA + M02-MAR + M03-COR + M05-RIO,4,5000.0,0.2088793172571599,0.3264109367906476,0.5130739370541723,0.10866666666666666,0.0006666666666666666,1
M01-RIO + M02-RIO + M02-MAR + M08-GUA,4,5000.0,0.2207069659063871,0.32722502854749724,0.5328257708629461,0.05633333333333333,0.0003333333333333333,1
M02-MAR + M05-RIO + M07-RIO + M13-COR,4,5000.0,0.22122782842425387,0.3290711776886092,0.4667962157761462,0.059666666666666666,0.0003333333333333333,1
M02-MAR + M05-MAR + M07-RIO + M13-COR,4,5000.0,0.22157815990703672,0.32957227805679207,0.49602382928036304,0.05533333333333333,0.0003333333333333333,2
M02-GUA + M02-MAR + M03-COR + M05-MAR,4,5000.0,0.20922964873994276,0.3298161818398425,0.5420159685355902,0.107,0.0003333333333333333,2
M02-RIO + M02-GUA + M07-GUA + M07-MAR,4,5000.0,0.2142443713215053,0.3299130105333078,0.5378602023014651,0.09433333333333334,0.0013333333333333333,1
M02-RIO + M02-GUA + M07-RIO + M07-GUA,4,5000.0,0.21456472523149883,0.33143377696175275,0.5070262598463827,0.10066666666666667,0.0003333333333333333,0
M01-RIO + M02-GUA + M05-GUA + M07-RIO,4,5000.0,0.21499995273588335,0.3321687441603318,0.5373553587615822,0.08966666666666667,0.0003333333333333333,0
M02-RIO + M02-GUA + M07-RIO + M07-MAR,4,5000.0,0.2139566416498254,0.33307997089226116,0.5254189081519463,0.1,0.0016666666666666668,1
M02-RIO + M03-COR + M07-GUA + M10-RIO,4,5000.0,0.23411145480646312,0.33398647725828795,0.5222895991568478,0.042,0.0003333333333333333,0
M02-RIO + M05-MAR + M07-RIO + M07-GUA,4,4800.0,0.21612966529655894,0.33458608658245564,0.5561553119080649,0.085,0.0006666666666666666,1
M02-GUA + M03-COR + M05-GUA + M05-MAR,4,4800.0,0.2121490300514841,0.3346722764917191,0.5032636550073747,0.10333333333333333,0.0003333333333333333,1
M02-RIO + M03-COR + M07-GUA + M10-GUA,4,5000.0,0.2341545269626091,0.33502475308251844,0.5365929614727393,0.042333333333333334,0.0006666666666666666,0
M01-RIO + M01-GUA + M05-GUA + M05-MAR,4,5000.0,0.21653812036244044,0.3364834201480816,0.5140516773216796,0.08333333333333333,0.0006666666666666666,1
M02-RIO + M03-COR + M07-MAR + M10-RIO,4,5000.0,0.23350337122478967,0.3365432993482314,0.4836180382988972,0.043333333333333335,0.0003333333333333333,1
M07-GUA + M08-GUA + M08-MAR + M10-RIO + M14-COR,5,5000.0,0.23827288062675542,0.3365791720425352,0.5231086993220952,0.021333333333333333,0.0006666666666666666,0
M02-GUA + M05-GUA + M07-RIO + M13-COR,4,5000.0,0.2229326011535179,0.33710812271353474,0.5407146838671958,0.06766666666666667,0.0003333333333333333,0
M02-GUA + M05-RIO + M07-MAR + M13-COR,4,5000.0,0.22301091354251806,0.33723856383171646,0.5460923098552405,0.07,0.0003333333333333333,1
M02-RIO + M03-COR + M07-MAR + M10-GUA,4,5000.0,0.23354644338093566,0.33740975182031874,0.49495141746703053,0.044333333333333336,0.0006666666666666666,1
M02-RIO + M03-COR + M07-MAR + M10-MAR,4,5000.0,0.2350025724606396,0.33891823441923874,0.5035393040480256,0.04566666666666667,0.0003333333333333333,2
M01-RIO + M03-COR + M05-RIO + M10-RIO,4,5000.0,0.2349453486098413,0.3407036848313887,0.5187928815139119,0.04833333333333333,0.0003333333333333333,0
M02-RIO + M03-COR + M07-RIO + M10-RIO,4,5000.0,0.23382372513478317,0.340753997832657,0.5346793232917542,0.049,0.0006666666666666666,0
M02-RIO + M03-COR + M07-RIO + M10-GUA,4,5000.0,0.2338667972909292,0.34208645252681613,0.5791525668544055,0.043666666666666666,0.001,0
M01-RIO + M03-COR + M05-GUA + M10-MAR,4,5000.0,0.23604588354669756,0.3441235994969442,0.5409748588526283,0.048,0.0003333333333333333,1
M02-RIO + M03-COR + M07-RIO + M10-MAR,4,5000.0,0.23532292637063312,0.344164601894157,0.52868970766607,0.04733333333333333,0.0003333333333333333,1
M05-RIO + M05-GUA + M05-MAR + M07-GUA,4,4900.0,0.20439257043431633,0.34434870403728274,0.5910058664909771,0.17,0.004333333333333333,1
M01-RIO + M03-COR + M05-MAR + M10-RIO,4,5000.0,0.23529568009262414,0.3444690364930865,0.4924552667326598,0.05,0.0006666666666666666,1
M01-RIO + M03-COR + M05-RIO + M10-GUA,4,5000.0,0.23498842076598725,0.3445345348222166,0.5093316421580645,0.04466666666666667,0.0006666666666666666,0
M01-RIO + M03-COR + M05-MAR + M10-GUA,4,5000.0,0.23533875224877016,0.3446071016767093,0.5670718932735918,0.041666666666666664,0.001,1
M05-RIO + M05-GUA + M05-MAR + M07-MAR,4,4900.0,0.2037844868526429,0.34649365674593946,0.5937463850489237,0.17566666666666667,0.006333333333333333,2
M05-RIO + M05-GUA + M05-MAR + M07-RIO,4,4900.0,0.2041048407626364,0.3494782531125931,0.556372832319341,0.17333333333333334,0.009333333333333334,1
M03-COR + M05-GUA + M10-MAR + M13-COR,4,5000.0,0.24397853196433217,0.3509602250105603,0.5167348908756485,0.04466666666666667,0.0003333333333333333,1
M01-MAR + M02-MAR + M05-RIO + M07-MAR,4,5000.0,0.2385790003530975,0.351394275646365,0.573323576568134,0.042333333333333334,0.0003333333333333333,2
M02-RIO + M07-MAR + M10-GUA + M14-COR,4,4900.0,0.25336890376576326,0.35171633559458954,0.5295878317089076,0.018333333333333333,0.0003333333333333333,1
M03-COR + M05-GUA + M10-GUA + M13-COR,4,5000.0,0.24252240288462817,0.3520732172912109,0.5428864951799649,0.03966666666666667,0.0003333333333333333,0
M01-MAR + M02-MAR + M05-MAR + M07-GUA,4,5000.0,0.2395374154175538,0.35243880562340496,0.5636584811609053,0.03166666666666667,0.0003333333333333333,2
M01-MAR + M02-MAR + M05-MAR + M07-MAR,4,5000.0,0.23892933183588033,0.35258459056316105,0.5737632170831625,0.041,0.0003333333333333333,3
M01-RIO + M03-COR + M10-RIO + M13-COR,4,4900.0,0.25533804906578295,0.35262728112252134,0.5108161997498258,0.017333333333333333,0.0003333333333333333,0
M01-MAR + M02-MAR + M05-RIO + M07-RIO,4,5000.0,0.238899354263091,0.3529765078397524,0.5251650412312306,0.03966666666666667,0.0003333333333333333,1
M01-MAR + M02-MAR + M05-RIO + M07-GUA,4,5000.0,0.23918708393477095,0.35309525633296995,0.563354842394562,0.031,0.0006666666666666666,1
M01-GUA + M02-RIO + M02-GUA + M03-COR,4,4900.0,0.2235090209924408,0.35336280121342983,0.5492125343886115,0.10633333333333334,0.0003333333333333333,0
M01-MAR + M02-MAR + M05-GUA + M07-RIO,4,5000.0,0.23850068796409737,0.353819728626711,0.5237319725490506,0.038,0.0003333333333333333,1
M03-COR + M05-RIO + M10-MAR + M13-COR,4,5000.0,0.24437719826332582,0.35382948139716686,0.5494740158426352,0.039,0.0003333333333333333,1
M01-RIO + M05-GUA + M10-RIO + M14-COR,4,4900.0,0.25436914269567523,0.35506310357161147,0.5094453591586704,0.018666666666666668,0.0003333333333333333,0
M01-MAR + M02-MAR + M05-MAR + M07-RIO,4,5000.0,0.23924968574587388,0.35722108628214055,0.5365803195914819,0.042,0.0003333333333333333,2
M05-RIO + M05-MAR + M10-GUA + M14-COR,4,5000.0,0.2427011605952907,0.3642335422512321,0.5546293104291158,0.051666666666666666,0.001,1
M05-RIO + M05-MAR + M10-RIO + M14-COR,4,5000.0,0.24265808843914466,0.36435133287246096,0.5640675308948747,0.053,0.0003333333333333333,1
M05-GUA + M05-MAR + M10-MAR + M14-COR,4,5000.0,0.24375862337600096,0.36554246900953125,0.5534437580316313,0.05266666666666667,0.0003333333333333333,2
M02-GUA + M05-RIO + M05-MAR + M08-MAR,4,4900.0,0.24150312723587308,0.36576940349461406,0.5717186255873509,0.05533333333333333,0.0003333333333333333,1
M05-GUA + M05-MAR + M10-RIO + M14-COR,4,5000.0,0.24225942214015103,0.3659994313844743,0.5288511525587244,0.05266666666666667,0.001,1
M05-GUA + M05-MAR + M10-GUA + M14-COR,4,5000.0,0.24230249429629702,0.3663880524044994,0.5339960822395549,0.052,0.0003333333333333333,1
M02-MAR + M03-COR + M07-RIO + M10-RIO,4,5000.0,0.26192765269725593,0.3667438382087406,0.5556223304566267,0.022,0.0003333333333333333,1
M05-RIO + M05-GUA + M10-GUA + M14-COR,4,5000.0,0.24195216281351417,0.3670967319781653,0.5722813390696212,0.060333333333333336,0.0016666666666666668,0
M02-GUA + M05-GUA + M05-MAR + M08-MAR,4,4900.0,0.24110446093687946,0.36744716511751546,0.5472619146483032,0.058666666666666666,0.0003333333333333333,1
M05-RIO + M05-GUA + M10-MAR + M14-COR,4,5000.0,0.2434082918932181,0.36778018480652386,0.544802522573571,0.05333333333333334,0.001,1
M05-RIO + M05-MAR + M10-MAR + M14-COR,4,5000.0,0.24415728967499464,0.3678148756250215,0.5482656993498711,0.05466666666666667,0.0003333333333333333,2
M05-RIO + M10-GUA + M13-COR + M14-COR,4,4900.0,0.2627435295684495,0.36895444754263734,0.5748287177124347,0.02033333333333333,0.0003333333333333333,0
M01-MAR + M03-COR + M05-RIO + M10-MAR,4,5000.0,0.26204872410216296,0.3704000249656269,0.561078936144507,0.025,0.0003333333333333333,1
M01-RIO + M07-GUA + M07-MAR + M10-GUA,4,5000.0,0.26845740239280536,0.3711412566596547,0.5428094375015835,0.012,0.0003333333333333333,1
M05-GUA + M10-GUA + M13-COR + M14-COR,4,4900.0,0.26234486326945583,0.3714053099458221,0.5352969392860473,0.022333333333333334,0.0003333333333333333,0
M02-GUA + M03-COR + M07-GUA + M10-GUA,4,5000.0,0.26436189355333956,0.3737545124247915,0.5806920993465747,0.024,0.0003333333333333333,0
M03-COR + M11-MAR + M13-COR + M14-COR,4,5000.0,0.2687574392492492,0.3783760262533275,0.5267284361013408,0.03666666666666667,0.001,1
M01-GUA + M02-GUA + M05-MAR + M07-MAR,4,5000.0,0.2457021758671129,0.3785403233667065,0.5874880756779182,0.07366666666666667,0.0013333333333333333,2
M01-GUA + M02-GUA + M05-GUA + M07-MAR,4,5000.0,0.2449531780853364,0.37889739407800904,0.6573141511783445,0.077,0.0013333333333333333,1
M01-GUA + M02-GUA + M05-RIO + M07-MAR,4,5000.0,0.24535184438433005,0.3791116435483772,0.6694510542588401,0.07633333333333334,0.0003333333333333333,1
M01-GUA + M02-GUA + M05-GUA + M07-GUA,4,5000.0,0.24556126166700984,0.37968552777217546,0.6065415129635059,0.07533333333333334,0.0006666666666666666,0
M01-GUA + M02-GUA + M05-RIO + M07-GUA,4,5000.0,0.24595992796600352,0.3800771729308669,0.6186784160440013,0.07,0.001,0
M07-RIO + M07-GUA + M10-RIO + M13-COR,4,5000.0,0.2766673325642875,0.3831057963026595,0.555849670156841,0.012666666666666666,0.0003333333333333333,0
M01-MAR + M03-COR + M10-GUA + M13-COR,4,4900.0,0.2809852954784007,0.3833577030221275,0.5754107392809386,0.010333333333333333,0.0003333333333333333,0
M01-GUA + M02-GUA + M05-RIO + M07-RIO,4,5000.0,0.2456721982943236,0.38373528592103784,0.6058291339974259,0.07633333333333334,0.0006666666666666666,0
M01-GUA + M02-GUA + M05-GUA + M07-RIO,4,5000.0,0.2452735319953299,0.38475419117652626,0.5941426691544426,0.07566666666666666,0.0006666666666666666,0
M01-RIO + M08-GUA + M10-MAR + M13-COR,4,5000.0,0.2864122135032835,0.3851351408730976,0.540087129687655,0.005666666666666667,0.0003333333333333333,1
M01-RIO + M03-COR + M11-RIO + M14-COR,4,5000.0,0.29427941675097513,0.3871497145347377,0.5240297736625443,0.007666666666666666,0.0003333333333333333,0
M02-MAR + M05-GUA + M06-GUA + M14-COR,4,5000.0,0.2738250149331734,0.3972796949037387,0.5635307494491845,0.024666666666666667,0.0006666666666666666,1
M01-GUA + M03-COR + M11-MAR + M14-COR,4,5000.0,0.2910983700910612,0.4012444610514901,0.5527047963003976,0.019,0.0003333333333333333,1
M02-GUA + M05-GUA + M06-GUA + M14-COR,4,5000.0,0.27592845396143106,0.4048047679869231,0.6228233114478318,0.03133333333333333,0.0003333333333333333,0
M03-COR + M11-RIO + M13-COR + M14-COR,4,5000.0,0.30221206516860966,0.4056391161872738,0.5420526920315804,0.012,0.0003333333333333333,0
M03-COR + M11-GUA + M13-COR + M14-COR,4,5000.0,0.3024412974052275,0.4063374166433715,0.5413436814575964,0.01,0.0006666666666666666,0
M05-RIO + M05-GUA + M06-GUA + M14-COR,4,4800.0,0.2771430625437084,0.40701897071716325,0.5714535176739929,0.015,0.0003333333333333333,0
M01-MAR + M03-COR + M11-RIO + M14-COR,4,5000.0,0.3198835910074468,0.4158833875002805,0.5470824607503417,0.006333333333333333,0.0003333333333333333,0
M05-MAR + M07-MAR + M08-MAR + M10-RIO,4,4900.0,0.2942311087659756,0.41628437900858317,0.5983455020508623,0.013333333333333334,0.0006666666666666666,2
M01-GUA + M08-GUA + M10-GUA + M13-COR,4,5000.0,0.31522966368302613,0.4171880133481189,0.5803070497868454,0.004333333333333333,0.0003333333333333333,0
M05-GUA + M07-GUA + M08-GUA + M10-GUA,4,4900.0,0.2947527990382737,0.41790587153429554,0.6304970904395985,0.013333333333333334,0.0003333333333333333,0
M05-GUA + M07-GUA + M08-GUA + M10-MAR,4,4900.0,0.2962089281179777,0.4191397164498769,0.6638926703673534,0.013,0.0003333333333333333,1
M05-GUA + M07-GUA + M08-GUA + M10-RIO,4,4900.0,0.29470972688212776,0.4191493781449957,0.6117002783658915,0.014,0.0003333333333333333,0
M01-MAR + M12-MAR + M13-COR + M14-COR,4,5000.0,0.31470704559771945,0.41918879757563693,0.5588692969157684,0.009,0.0003333333333333333,1
M05-GUA + M07-MAR + M08-MAR + M10-MAR,4,4900.0,0.29498131222004903,0.42222757262725796,0.6579747267260747,0.014,0.0003333333333333333,2
M05-GUA + M05-MAR + M06-GUA + M08-MAR,4,5000.0,0.286626364527059,0.42550345759044167,0.6213605448016638,0.021,0.0003333333333333333,1
M03-COR + M07-RIO + M08-GUA + M11-GUA,4,5000.0,0.3345615035023656,0.4267345568762139,0.5563353973626667,0.0016666666666666668,0.0003333333333333333,0
M01-RIO + M07-MAR + M08-MAR + M12-GUA,4,5000.0,0.3195330433603512,0.4301319235402863,0.6138348717509824,0.004666666666666667,0.0003333333333333333,1
M08-MAR + M10-GUA + M10-MAR + M14-COR,4,5000.0,0.3338979859626968,0.43855654565244995,0.6639006517588656,0.0036666666666666666,0.0003333333333333333,1
M02-RIO + M07-MAR + M11-MAR,3,5000.0,0.34517375688632435,0.49524447755339046,0.6558965899127465,0.025,0.0006666666666666666,2
M02-RIO + M07-GUA + M11-MAR,3,5000.0,0.3457818404679977,0.4953959778018807,0.647424887225923,0.025333333333333333,0.0003333333333333333,1
M01-RIO + M05-GUA + M11-MAR,3,5000.0,0.3462170679723824,0.49788537071602196,0.6531880631964742,0.020666666666666667,0.0006666666666666666,1
M01-RIO + M05-RIO + M11-MAR,3,5000.0,0.34661573427137593,0.4985063758823657,0.67174099878137,0.02033333333333333,0.0003333333333333333,1
M02-RIO + M07-RIO + M11-MAR,3,5000.0,0.34549411079631787,0.4998442300970688,0.6984233379108545,0.027333333333333334,0.0003333333333333333,1
M05-GUA + M11-MAR + M13-COR,3,5000.0,0.35414971639001686,0.5031505753161434,0.6623212571732232,0.019666666666666666,0.0003333333333333333,1
M05-MAR + M11-MAR + M13-COR,3,5000.0,0.3548987141717934,0.5041458955478842,0.6503348604426638,0.01633333333333333,0.0003333333333333333,2
M02-MAR + M07-GUA + M11-MAR,3,5000.0,0.3738857680304705,0.5153775718557663,0.6745348468340405,0.008,0.0003333333333333333,2
M05-MAR + M07-GUA + M11-MAR,3,4800.0,0.3775541471237884,0.5220329473557402,0.6806676319460987,0.005,0.0003333333333333333,2
M02-GUA + M07-RIO + M11-MAR,3,5000.0,0.3757014773870483,0.5293955521262974,0.7039364911094413,0.013333333333333334,0.0006666666666666666,1
M03-COR + M10-RIO + M11-MAR,3,5000.0,0.3952482069620126,0.5299848397212726,0.6845123084683922,0.008666666666666666,0.0003333333333333333,1
M03-COR + M10-MAR + M11-MAR,3,5000.0,0.3967474081978626,0.5355281911360127,0.6853320485713622,0.008333333333333333,0.0003333333333333333,2
M05-RIO + M10-RIO + M10-GUA,3,4900.0,0.38923429728121284,0.544092237574016,0.7173069020407297,0.004333333333333333,0.0003333333333333333,0
M01-MAR + M10-GUA + M12-GUA,3,5000.0,0.44049073761484303,0.5792536417178168,0.7757279304706134,0.0016666666666666668,0.0003333333333333333,0
M07-RIO + M10-MAR + M12-MAR,3,4800.0,0.44739319198781075,0.581317807443247,0.734702747554938,0.0003333333333333333,0.0003333333333333333,2
