municipio,dimension,situacion_inicial,medidas_directas,medidas_corredor,medidas_por_cobeneficio,estado_intervencion,gravedad_conocida,reduccion_esperada,problemas_documentados_sin_medida,prioridad_residual
Rionegro,Biodiversidad,"Capacidad adaptativa 0,22 [OFICIAL]; Vulnerabilidad 0,75 [OFICIAL]","M01-RIO, M02-RIO",M03-COR,,Atendido con medida municipal directa,Vulnerabilidad alta documentada,No cuantificable con los datos disponibles,—,BAJA
Rionegro,Recurso hídrico,NO DISPONIBLE,,,"M03-COR, M01-RIO, M02-RIO",Parcial: solo cobeneficio de otra medida,DESCONOCIDA (sin datos: no se puede afirmar que sea baja),No cuantificable con los datos disponibles,"M05 (evidencia 1,00): Recomienda continuar recuperación de cauces ocupados; rondas registradas para inundaciones",ALTA
Rionegro,Seguridad alimentaria,NO DISPONIBLE,,,,Sin atender,DESCONOCIDA (sin datos: no se puede afirmar que sea baja),No cuantificable con los datos disponibles,"M07 (evidencia 1,00): Deterioro del suelo por expansión de frontera agrícola (pastos, ganado, cultivos) como causa de movimientos en masa",ALTA
Rionegro,Hábitat,NO DISPONIBLE,,,,Sin atender,DESCONOCIDA (sin datos: no se puede afirmar que sea baja),No cuantificable con los datos disponibles,"M10 (evidencia 0,50): Recomienda sistemas de recolección y conducción de aguas lluvias (veredas)",MEDIA
Rionegro,Infraestructura,NO DISPONIBLE,,,,Sin atender,DESCONOCIDA (sin datos: no se puede afirmar que sea baja),No cuantificable con los datos disponibles,"M11 (evidencia 0,50): Mantenimiento de obras de arte de vías y cunetas",MEDIA
Rionegro,Riesgo de desastres,"Sensibilidad 0,40 [OFICIAL]; Capacidad adaptativa 0,56 [OFICIAL]; Riesgo hoy 0,28 [OFICIAL]; Riesgo SSP3-7.0 2060 0,32 [OFICIAL]",,M14-COR,M02-RIO,Parcial: solo medida de corredor,Sin vulnerabilidad alta documentada,No cuantificable con los datos disponibles,—,MEDIA
Rionegro,Salud,NO DISPONIBLE,,,,Sin atender,DESCONOCIDA (sin datos: no se puede afirmar que sea baja),No cuantificable con los datos disponibles,—,DESCONOCIDA
Guarne,Biodiversidad,"Capacidad adaptativa 0,33 [OFICIAL]",,M03-COR,,Parcial: solo medida de corredor,Sin vulnerabilidad alta documentada,No cuantificable con los datos disponibles,"M01 (evidencia 0,50): Recomendación de preservar bosque y aguas de La Brizuela (POMCA La Brizuela y La Honda) | M02 (evidencia 1,00): Recomienda revegetalización de suelos expuestos y reforestación con especies nativas",ALTA
Guarne,Recurso hídrico,NO DISPONIBLE,,,M03-COR,Parcial: solo cobeneficio de otra medida,DESCONOCIDA (sin datos: no se puede afirmar que sea baja),No cuantificable con los datos disponibles,"M05 (evidencia 1,00): Llenos antrópicos en llanuras de La Brizuela y Basto Norte; barrios al borde de afluentes (El Sango, La Cabaña, San Vicente, San Antonio) | M06 (evidencia 0,50): Recomienda acoger POMCA La Brizuela y La Honda; preservar aguas de La Brizuela",ALTA
Guarne,Seguridad alimentaria,NO DISPONIBLE,,,,Sin atender,DESCONOCIDA (sin datos: no se puede afirmar que sea baja),No cuantificable con los datos disponibles,"M07 (evidencia 1,00): Recomienda ajustar actividades productivas a la capacidad del terreno en zonas de riesgo medio a muy alto | M08 (evidencia 0,50): Recomienda capacitación en buenas técnicas de labranza",ALTA
Guarne,Hábitat,NO DISPONIBLE,,,,Sin atender,DESCONOCIDA (sin datos: no se puede afirmar que sea baja),No cuantificable con los datos disponibles,"M10 (evidencia 0,50): Revisión de alcantarillado (barrio San Vicente) y capacidad hidráulica de canalizaciones",MEDIA
Guarne,Infraestructura,NO DISPONIBLE,,,,Sin atender,DESCONOCIDA (sin datos: no se puede afirmar que sea baja),No cuantificable con los datos disponibles,"M11 (evidencia 0,50): Vías mejoradas registradas por movimiento en masa | M12 (evidencia 0,50): Alcantarillado inadecuado barrio San Vicente",MEDIA
Guarne,Riesgo de desastres,NO DISPONIBLE,,M14-COR,,Parcial: solo medida de corredor,DESCONOCIDA (sin datos: no se puede afirmar que sea baja),No cuantificable con los datos disponibles,"M13 (evidencia 1,00): Recomienda diseño, construcción y operación de sistemas de alerta con estaciones hidrométricas",ALTA
Guarne,Salud,NO DISPONIBLE,,,,Sin atender,DESCONOCIDA (sin datos: no se puede afirmar que sea baja),No cuantificable con los datos disponibles,—,DESCONOCIDA
Marinilla,Biodiversidad,"Capacidad adaptativa 0,24 [OFICIAL]; Vulnerabilidad 0,72 [OFICIAL]",,M03-COR,,Parcial: solo medida de corredor,Vulnerabilidad alta documentada,No cuantificable con los datos disponibles,"M02 (evidencia 0,50): Recomienda mantenimiento de reforestaciones ejecutadas",ALTA
Marinilla,Recurso hídrico,NO DISPONIBLE,,,"M03-COR, M07-MAR",Parcial: solo cobeneficio de otra medida,DESCONOCIDA (sin datos: no se puede afirmar que sea baja),No cuantificable con los datos disponibles,"M05 (evidencia 1,00): Inundaciones por invasión de retiros (Q. La Marinilla, Occidente, Oriente, Matadero); barrios Santa Ana, La Ramada, El Manantial",ALTA
Marinilla,Seguridad alimentaria,NO DISPONIBLE,M07-MAR,,,Atendido con medida municipal directa,DESCONOCIDA (sin datos: no se puede afirmar que sea baja),No cuantificable con los datos disponibles,"M08 (evidencia 0,50): Malas prácticas agrícolas inductoras de erosión",BAJA
Marinilla,Hábitat,NO DISPONIBLE,,,,Sin atender,DESCONOCIDA (sin datos: no se puede afirmar que sea baja),No cuantificable con los datos disponibles,"M10 (evidencia 0,50): Revisión de alcantarillado y capacidad hidráulica de canalizaciones urbanas; manejo de escorrentía pluvial",MEDIA
Marinilla,Infraestructura,NO DISPONIBLE,,,,Sin atender,DESCONOCIDA (sin datos: no se puede afirmar que sea baja),No cuantificable con los datos disponibles,"M11 (evidencia 1,00): Hundimientos en vías veredales sin cunetas; ampliación de obras de paso sobre Q. La Marinilla (La Ramada, La Avenida) | M12 (evidencia 0,50): Afectación a redes de acueducto (3,33% de sitios); revisión de alcantarillado",ALTA
Marinilla,Riesgo de desastres,"Amenaza 0,69 [CALCULADO]; Capacidad adaptativa 0,61 [OFICIAL]",,M14-COR,M07-MAR,Parcial: solo medida de corredor,Sin vulnerabilidad alta documentada,No cuantificable con los datos disponibles,—,MEDIA
Marinilla,Salud,NO DISPONIBLE,,,,Sin atender,DESCONOCIDA (sin datos: no se puede afirmar que sea baja),No cuantificable con los datos disponibles,—,DESCONOCIDA
